step,share,concentration,margin,accuracy
0.0,0.498994320220054,0.020180211408637717,0.020774390039267517,0.4948939285317781
5000.0,0.45763577145840856,0.0184865527964034,0.060503148313781105,0.5746826974096089
10000.0,0.45714432244442615,0.018409549179089057,0.08712057382421572,0.5858424851071068
15000.0,0.46721098972899094,0.020024028301249108,0.11325750802877554,0.5882326763708658
20000.0,0.48336118330406164,0.02023840880653254,0.13464649579647048,0.5937025627758533
25000.0,0.5020307745007976,0.02093289607238952,0.14797573194168978,0.5857011162914546
30000.0,0.514134087508162,0.021593231355226675,0.1537248279850953,0.5875944957101003
35000.0,0.5050734979990706,0.021747390378017577,0.17922843945452668,0.5840107199431995
40000.0,0.5557729176568987,0.022917820498049444,0.19116913200493987,0.5833352632839979
45000.0,0.5449306124172064,0.02343391820871158,0.18721582575943296,0.585599061642182
50000.0,0.5648635560292272,0.02386518724946421,0.203194431090707,0.5794637152752552
55000.0,0.5710876886140019,0.024146628678613443,0.21530222124786477,0.5762688772466312
60000.0,0.5862748680613329,0.025367325626784887,0.21021430279373773,0.5798533485543402
65000.0,0.603194998227277,0.026233325715563475,0.2227420633766601,0.5706471683006864
70000.0,0.625023363699075,0.026897491278901092,0.23422863566774693,0.5769670613792148
75000.0,0.6170993631315805,0.02741688366477267,0.2200905189083455,0.5731712548178423
80000.0,0.6546922952270645,0.027876179683507793,0.22288487362323808,0.5719868953008336
