bin_center,variant_a_mass,variant_b_mass
25.0,0.008333333333333333,0.3794444444444444
75.0,0.025555555555555557,0.2311111111111111
125.0,0.11277777777777778,0.13944444444444445
175.0,0.20055555555555554,0.08722222222222223
225.0,0.26,0.058888888888888886
275.0,0.21388888888888888,0.03888888888888889
325.0,0.1272222222222222,0.025555555555555557
375.0,0.041666666666666664,0.012777777777777779
425.0,0.0077777777777777776,0.008333333333333333
475.0,0.0022222222222222222,0.018333333333333333
525.0,0.0,0.0
