series,run,step,value
Variant A,0,0,15.0
Variant A,0,1,15.0
Variant A,0,2,13.256888491609299
Variant A,0,3,15.0
Variant A,0,4,12.616948758631976
Variant A,0,5,14.916841449794685
Variant A,0,6,15.0
Variant A,0,7,13.959994879786635
Variant A,0,8,15.0
Variant A,0,9,12.389799611047284
Variant A,0,10,15.0
Variant A,0,11,13.623953709823276
Variant A,0,12,10.49811365873293
Variant A,0,13,12.908284806685963
Variant A,0,14,13.13500144317443
Variant A,0,15,11.602940938495438
Variant A,0,16,12.002200458797688
Variant A,0,17,11.984823860287024
Variant A,0,18,12.024214855319808
Variant A,0,19,11.701755975254189
Variant A,0,20,13.213274811806246
Variant A,0,21,13.562412322508724
Variant A,0,22,11.970975498032526
Variant A,0,23,10.72023083056348
Variant A,0,24,11.72630280436771
Variant A,0,25,12.019734705672128
Variant A,0,26,10.785582563612234
Variant A,0,27,12.460058245018509
Variant A,0,28,12.506654288266589
Variant A,0,29,12.315902285236431
Variant A,0,30,11.510552822905547
Variant A,0,31,11.525542965892488
Variant A,0,32,10.953298720851945
Variant A,0,33,12.8280019438428
Variant A,0,34,9.965576213584354
Variant A,0,35,11.148362727439169
Variant A,0,36,10.485825118815816
Variant A,0,37,11.650090253859902
Variant A,0,38,8.684041595310784
Variant A,0,39,11.453891578004237
Variant A,0,40,11.615373998227465
Variant A,0,41,9.235712798241808
Variant A,0,42,9.718186835131473
Variant A,0,43,10.356473698527777
Variant A,0,44,10.276297490424177
Variant A,0,45,10.601924416819834
Variant A,0,46,10.042536622526738
Variant A,0,47,11.637819887112615
Variant A,0,48,10.269212674674217
Variant A,0,49,8.776483841147282
Variant A,0,50,9.857277830740466
Variant A,0,51,11.087414787167107
Variant A,0,52,7.835344424419371
Variant A,0,53,12.23756465704651
Variant A,0,54,7.984110343867743
Variant A,0,55,9.174784911079048
Variant A,0,56,7.811955075141629
Variant A,0,57,10.196585930673187
Variant A,0,58,8.731852663135781
Variant A,0,59,8.554602719504022
Variant A,0,60,8.624646599541448
Variant A,0,61,8.724482712915322
Variant A,0,62,9.049388679930455
Variant A,0,63,7.753863630021769
Variant A,0,64,9.948778296302788
Variant A,0,65,9.269221923924583
Variant A,0,66,10.814949630016734
Variant A,0,67,9.796366774308087
Variant A,0,68,7.817100776639423
Variant A,0,69,11.937998312329363
Variant A,0,70,9.173273357996376
Variant A,0,71,8.546255074804074
Variant A,0,72,8.404663743736247
Variant A,0,73,9.785548956151835
Variant A,0,74,8.321385048050203
Variant A,0,75,8.496035004692326
Variant A,0,76,8.445745018649687
Variant A,0,77,10.676558569582792
Variant A,0,78,8.842196018693945
Variant A,0,79,7.999233701833153
Variant A,0,80,8.161212967022342
Variant A,0,81,7.141893580130119
Variant A,0,82,10.539374265514843
Variant A,0,83,8.782553542932737
Variant A,0,84,8.504651711007114
Variant A,0,85,9.753547387257752
Variant A,0,86,7.060382052171409
Variant A,0,87,8.544848531537731
Variant A,0,88,9.333869147588288
Variant A,0,89,8.919202519955332
Variant A,0,90,8.694181810485182
Variant A,0,91,8.353356638934455
Variant A,0,92,8.334550804159514
Variant A,0,93,7.306816601372743
Variant A,0,94,7.609716442799415
Variant A,0,95,8.648695788371096
Variant A,0,96,10.08974026741667
Variant A,0,97,9.134897361602679
Variant A,0,98,8.189967788004655
Variant A,0,99,8.425044957597704
Variant A,0,100,8.076074543176961
Variant A,0,101,10.066195280025033
Variant A,0,102,6.99068966969749
Variant A,0,103,6.719390604610285
Variant A,0,104,9.676522627277501
Variant A,0,105,7.898270339187446
Variant A,0,106,8.820811119026123
Variant A,0,107,6.813504419833729
Variant A,0,108,7.595721821934686
Variant A,0,109,8.524780986248418
Variant A,0,110,8.925998504204857
Variant A,0,111,7.027085930653311
Variant A,0,112,6.725170932471917
Variant A,0,113,6.454566990136873
Variant A,0,114,6.729881104680367
Variant A,0,115,8.879547108740544
Variant A,0,116,6.105337389647198
Variant A,0,117,8.739998758432511
Variant A,0,118,6.973478535985908
Variant A,0,119,8.475796841155798
Variant A,0,120,7.796715624844259
Variant A,0,121,7.09024319841313
Variant A,0,122,6.995414546003439
Variant A,0,123,8.033614255647732
Variant A,0,124,9.00249838445717
Variant A,0,125,7.5666758134761665
Variant A,0,126,7.042612465385402
Variant A,0,127,9.045508961409038
Variant A,0,128,6.868244391377381
Variant A,0,129,7.157599958760372
Variant A,0,130,8.237201272627985
Variant A,0,131,8.008542453370255
Variant A,0,132,6.657202559527432
Variant A,0,133,7.6279557076343245
Variant A,0,134,7.2682728538222365
Variant A,0,135,6.611524490240231
Variant A,0,136,6.432409068403719
Variant A,0,137,5.903310205824257
Variant A,0,138,8.640894715293326
Variant A,0,139,7.223424108472988
Variant A,0,140,6.933739795856241
Variant A,0,141,10.138171760949914
Variant A,0,142,6.913815115145191
Variant A,0,143,9.257900546641254
Variant A,0,144,7.856697126143764
Variant A,0,145,5.54588661019546
Variant A,0,146,7.580571040814866
Variant A,0,147,7.890821336071319
Variant A,0,148,6.123847571448461
Variant A,0,149,7.7723027627551735
Variant A,0,150,6.028885967594184
Variant A,1,0,14.998004813079167
Variant A,1,1,15.0
Variant A,1,2,15.0
Variant A,1,3,13.564011157849782
Variant A,1,4,14.927929403816464
Variant A,1,5,13.762845244571654
Variant A,1,6,14.203101683358144
Variant A,1,7,14.271358310411447
Variant A,1,8,12.067731770392331
Variant A,1,9,14.374301608145428
Variant A,1,10,14.683969510501438
Variant A,1,11,14.156404350617017
Variant A,1,12,12.57612535511759
Variant A,1,13,12.186520144422708
Variant A,1,14,11.49282252804679
Variant A,1,15,12.216052272925662
Variant A,1,16,12.27108547572863
Variant A,1,17,13.712551127065788
Variant A,1,18,13.738593343309807
Variant A,1,19,12.554467592335152
Variant A,1,20,11.249734762847705
Variant A,1,21,12.81911786798956
Variant A,1,22,12.765976653651467
Variant A,1,23,11.160188446894978
Variant A,1,24,13.404551287854492
Variant A,1,25,11.603163869921891
Variant A,1,26,10.901343496015986
Variant A,1,27,13.499606834628924
Variant A,1,28,11.97806847161949
Variant A,1,29,10.166748202728645
Variant A,1,30,10.256969618295203
Variant A,1,31,9.79799312871598
Variant A,1,32,11.305154055602129
Variant A,1,33,10.896321720787753
Variant A,1,34,12.576951752879152
Variant A,1,35,12.088583807134281
Variant A,1,36,9.533485657114014
Variant A,1,37,10.53708504065423
Variant A,1,38,11.111781844927897
Variant A,1,39,10.25873664503987
Variant A,1,40,9.961131340624947
Variant A,1,41,8.978566558648003
Variant A,1,42,8.435229573399722
Variant A,1,43,11.15764470432746
Variant A,1,44,10.077895285764605
Variant A,1,45,7.730381228022743
Variant A,1,46,10.773836558326702
Variant A,1,47,10.272495795571674
Variant A,1,48,10.263164138043914
Variant A,1,49,8.5463297273788
Variant A,1,50,9.84196509624355
Variant A,1,51,8.563922692157256
Variant A,1,52,11.259402586243105
Variant A,1,53,8.02385387190271
Variant A,1,54,7.353082584949302
Variant A,1,55,11.34632546782834
Variant A,1,56,10.121282995729095
Variant A,1,57,9.737834611387317
Variant A,1,58,8.909249653384048
Variant A,1,59,8.471293192477425
Variant A,1,60,10.661039226426942
Variant A,1,61,8.68261591223702
Variant A,1,62,8.873113133971934
Variant A,1,63,11.053544756523216
Variant A,1,64,7.849668599641269
Variant A,1,65,11.282229776899582
Variant A,1,66,8.324042427087804
Variant A,1,67,11.490620939860825
Variant A,1,68,8.101405477332237
Variant A,1,69,9.054657595838732
Variant A,1,70,7.908648227770377
Variant A,1,71,6.724072230363857
Variant A,1,72,9.535402937436965
Variant A,1,73,8.335656522877713
Variant A,1,74,7.015821890301819
Variant A,1,75,8.21892288210087
Variant A,1,76,6.9778065751453395
Variant A,1,77,9.693646362328716
Variant A,1,78,9.802969515842523
Variant A,1,79,7.825828403551124
Variant A,1,80,8.096196036647196
Variant A,1,81,9.024455979634894
Variant A,1,82,9.396199369071587
Variant A,1,83,6.604675554880094
Variant A,1,84,9.272125025834644
Variant A,1,85,10.296087436182736
Variant A,1,86,9.353712677853109
Variant A,1,87,7.905064239805204
Variant A,1,88,8.755737774316705
Variant A,1,89,9.899710899691652
Variant A,1,90,8.964322948268926
Variant A,1,91,7.890675526177507
Variant A,1,92,7.323016739949113
Variant A,1,93,7.450523546957963
Variant A,1,94,8.734075665064708
Variant A,1,95,9.509661897412256
Variant A,1,96,7.294484590344047
Variant A,1,97,7.830183798259169
Variant A,1,98,6.639534520358239
Variant A,1,99,9.456059328849564
Variant A,1,100,6.057026339004566
Variant A,1,101,7.872503251986024
Variant A,1,102,7.926619480388052
Variant A,1,103,6.741661361837679
Variant A,1,104,7.848433112842572
Variant A,1,105,7.596431490153251
Variant A,1,106,8.968611605368798
Variant A,1,107,5.981947824872753
Variant A,1,108,9.842452394217663
Variant A,1,109,6.706577350316604
Variant A,1,110,7.853590895889995
Variant A,1,111,9.036117824811752
Variant A,1,112,6.413905491606463
Variant A,1,113,5.44664851175272
Variant A,1,114,8.332500920604296
Variant A,1,115,6.159539943544564
Variant A,1,116,8.453055894240375
Variant A,1,117,7.8115972772673885
Variant A,1,118,7.4373208543857885
Variant A,1,119,9.12679801539779
Variant A,1,120,9.633832750357971
Variant A,1,121,8.200604320639371
Variant A,1,122,9.903327613135865
Variant A,1,123,7.487883092858286
Variant A,1,124,4.561209185494091
Variant A,1,125,8.373046006500287
Variant A,1,126,7.964477433339962
Variant A,1,127,6.366686683102164
Variant A,1,128,7.11637690801204
Variant A,1,129,5.222683615235103
Variant A,1,130,8.318794136999415
Variant A,1,131,8.227583569727063
Variant A,1,132,6.909437510358773
Variant A,1,133,7.042986176830161
Variant A,1,134,8.539477586932584
Variant A,1,135,7.854914310890371
Variant A,1,136,7.423749138981251
Variant A,1,137,8.093008560843291
Variant A,1,138,7.469477742509689
Variant A,1,139,7.57597640101671
Variant A,1,140,8.01737215867358
Variant A,1,141,7.890360828252294
Variant A,1,142,7.309860570531209
Variant A,1,143,7.291795743364002
Variant A,1,144,8.007266420668836
Variant A,1,145,6.894752097184717
Variant A,1,146,6.892903186196122
Variant A,1,147,7.945775052311143
Variant A,1,148,7.523240650839789
Variant A,1,149,7.721687200447608
Variant A,1,150,9.210285023801223
Variant A,2,0,13.103864651935242
Variant A,2,1,13.774046217005765
Variant A,2,2,15.0
Variant A,2,3,12.291456230192713
Variant A,2,4,15.0
Variant A,2,5,15.0
Variant A,2,6,13.44512999370273
Variant A,2,7,13.8943472184112
Variant A,2,8,13.713339661702554
Variant A,2,9,14.410286532457707
Variant A,2,10,12.534334010944795
Variant A,2,11,15.0
Variant A,2,12,11.590460184007346
Variant A,2,13,12.876800903246913
Variant A,2,14,14.249477938970214
Variant A,2,15,11.543311974399415
Variant A,2,16,13.002675083816417
Variant A,2,17,12.663625847312161
Variant A,2,18,13.11356118217557
Variant A,2,19,11.983427876871362
Variant A,2,20,13.432171335165771
Variant A,2,21,12.373971107670226
Variant A,2,22,12.454543105544484
Variant A,2,23,10.450218772285044
Variant A,2,24,11.922424760558641
Variant A,2,25,8.923677848106795
Variant A,2,26,11.902735598385263
Variant A,2,27,10.36695001117948
Variant A,2,28,11.78110526769082
Variant A,2,29,11.421981113980287
Variant A,2,30,12.054519273303622
Variant A,2,31,10.385246664932637
Variant A,2,32,12.324791809873197
Variant A,2,33,10.763453566659976
Variant A,2,34,13.260451441908504
Variant A,2,35,9.499222474574335
Variant A,2,36,9.972131445565491
Variant A,2,37,10.72007213584723
Variant A,2,38,10.987533361521185
Variant A,2,39,10.007663490923829
Variant A,2,40,10.044213582168398
Variant A,2,41,11.350708992012963
Variant A,2,42,7.601568847098337
Variant A,2,43,9.117268678204294
Variant A,2,44,9.538355109671036
Variant A,2,45,10.580696008609202
Variant A,2,46,10.188971976360557
Variant A,2,47,8.080635079027532
Variant A,2,48,8.230810158219077
Variant A,2,49,11.282371069008317
Variant A,2,50,10.304626737762629
Variant A,2,51,12.538751716196503
Variant A,2,52,10.97668407318193
Variant A,2,53,8.47089644663221
Variant A,2,54,8.828030619555532
Variant A,2,55,9.2680621465489
Variant A,2,56,8.571828403671057
Variant A,2,57,10.679481800875797
Variant A,2,58,9.859229525015733
Variant A,2,59,10.639766288612027
Variant A,2,60,9.344207369493892
Variant A,2,61,11.042945867081833
Variant A,2,62,7.801969714332687
Variant A,2,63,10.05940235748858
Variant A,2,64,10.342735150369847
Variant A,2,65,6.783557330490767
Variant A,2,66,9.052913933299697
Variant A,2,67,8.250960222298794
Variant A,2,68,8.63661407669228
Variant A,2,69,10.268995478365698
Variant A,2,70,7.918185646850612
Variant A,2,71,10.500001340886822
Variant A,2,72,7.925711454775977
Variant A,2,73,7.880869831065416
Variant A,2,74,9.536013825222188
Variant A,2,75,8.474939694212168
Variant A,2,76,8.622452286060371
Variant A,2,77,7.579721869464117
Variant A,2,78,8.526583908861905
Variant A,2,79,7.010193311263414
Variant A,2,80,10.207946138308383
Variant A,2,81,8.21107067933905
Variant A,2,82,8.46873691234283
Variant A,2,83,8.402883657164544
Variant A,2,84,8.566981750028551
Variant A,2,85,10.276761199863952
Variant A,2,86,9.25707970001202
Variant A,2,87,8.164699081653684
Variant A,2,88,8.027822146492092
Variant A,2,89,9.208856942852991
Variant A,2,90,9.443428423949179
Variant A,2,91,9.329920018518463
Variant A,2,92,10.124715354775702
Variant A,2,93,6.861234894257427
Variant A,2,94,8.191421909784127
Variant A,2,95,8.259441501829903
Variant A,2,96,6.651171056680596
Variant A,2,97,8.32229366549786
Variant A,2,98,8.111301887801956
Variant A,2,99,9.009978560111286
Variant A,2,100,9.014591535288096
Variant A,2,101,7.678040889326111
Variant A,2,102,7.400639821471338
Variant A,2,103,7.403570885733819
Variant A,2,104,8.398160107343763
Variant A,2,105,8.283472953075679
Variant A,2,106,6.525985779215908
Variant A,2,107,6.65590552947354
Variant A,2,108,8.405705130083742
Variant A,2,109,6.694104224583852
Variant A,2,110,7.4986938597082755
Variant A,2,111,9.681872919815385
Variant A,2,112,6.033723602495369
Variant A,2,113,8.408734204661574
Variant A,2,114,10.90431413462661
Variant A,2,115,8.186988910311532
Variant A,2,116,7.621061642692951
Variant A,2,117,6.549798341697897
Variant A,2,118,6.7522223301919135
Variant A,2,119,9.551367328740067
Variant A,2,120,7.07074539381987
Variant A,2,121,5.10746723542673
Variant A,2,122,9.120120817812689
Variant A,2,123,7.181068191689192
Variant A,2,124,8.838475411472407
Variant A,2,125,7.101228069201759
Variant A,2,126,5.58830711577934
Variant A,2,127,9.074394336900955
Variant A,2,128,7.202356268353625
Variant A,2,129,5.3458942253457575
Variant A,2,130,9.691678318818887
Variant A,2,131,8.230778290801096
Variant A,2,132,6.327109561319566
Variant A,2,133,6.3048697627269075
Variant A,2,134,6.777318317684188
Variant A,2,135,7.241678355546561
Variant A,2,136,6.927066084388076
Variant A,2,137,6.617031436797303
Variant A,2,138,7.160075548040478
Variant A,2,139,6.10447906761094
Variant A,2,140,6.504677029617042
Variant A,2,141,9.580718526832912
Variant A,2,142,5.57537559989764
Variant A,2,143,8.315246833905007
Variant A,2,144,6.51335966698418
Variant A,2,145,9.281437190499636
Variant A,2,146,7.133331328990845
Variant A,2,147,7.794984021836295
Variant A,2,148,9.11199465545046
Variant A,2,149,8.977465291113743
Variant A,2,150,8.968146932094585
Variant A,3,0,15.0
Variant A,3,1,13.472229670668536
Variant A,3,2,14.757612150825592
Variant A,3,3,14.122977848477145
Variant A,3,4,14.082766039068257
Variant A,3,5,12.875010319572892
Variant A,3,6,15.0
Variant A,3,7,12.881905010310062
Variant A,3,8,14.423296144139233
Variant A,3,9,14.115731082694818
Variant A,3,10,13.450305675756589
Variant A,3,11,12.902720005364264
Variant A,3,12,13.332362342391281
Variant A,3,13,14.020296041519206
Variant A,3,14,13.174304992018268
Variant A,3,15,14.800842018726971
Variant A,3,16,11.870483865819184
Variant A,3,17,10.801074212258525
Variant A,3,18,13.63401564935456
Variant A,3,19,12.07267867060249
Variant A,3,20,12.451782462986154
Variant A,3,21,13.414129068461074
Variant A,3,22,14.342460681919995
Variant A,3,23,12.98533321683575
Variant A,3,24,11.597597774517181
Variant A,3,25,10.752954907317283
Variant A,3,26,13.973806930483262
Variant A,3,27,10.812756687476016
Variant A,3,28,10.56861538552676
Variant A,3,29,11.252893991922438
Variant A,3,30,10.79242995954461
Variant A,3,31,10.707694746339547
Variant A,3,32,10.914812226810623
Variant A,3,33,10.302332038641143
Variant A,3,34,11.094428384463694
Variant A,3,35,11.30634579439989
Variant A,3,36,10.086010275664016
Variant A,3,37,9.219845500151603
Variant A,3,38,8.684336047675135
Variant A,3,39,9.048656995861698
Variant A,3,40,10.855887351200161
Variant A,3,41,11.925340864669897
Variant A,3,42,9.083247139366048
Variant A,3,43,11.27144251249967
Variant A,3,44,9.221960871388283
Variant A,3,45,10.940571833912458
Variant A,3,46,7.612019489911703
Variant A,3,47,8.549874198881618
Variant A,3,48,10.60208253870183
Variant A,3,49,9.460028263425636
Variant A,3,50,9.85126913900891
Variant A,3,51,9.824489273637196
Variant A,3,52,10.84096713624242
Variant A,3,53,9.242294923834882
Variant A,3,54,10.479904547573067
Variant A,3,55,8.271346941291382
Variant A,3,56,8.160035869954465
Variant A,3,57,10.138701167628836
Variant A,3,58,8.67878716438608
Variant A,3,59,9.625970004615663
Variant A,3,60,9.061714029214778
Variant A,3,61,9.612087336623336
Variant A,3,62,10.645119457861494
Variant A,3,63,10.110740556449061
Variant A,3,64,7.586859777604828
Variant A,3,65,7.774127929658556
Variant A,3,66,9.523341047539647
Variant A,3,67,8.812884908131878
Variant A,3,68,8.510888918187415
Variant A,3,69,9.242587716274828
Variant A,3,70,7.363281097363488
Variant A,3,71,10.441365412647784
Variant A,3,72,10.405846430848216
Variant A,3,73,10.35348229503615
Variant A,3,74,10.011739775389733
Variant A,3,75,8.67258203090037
Variant A,3,76,8.595955918710896
Variant A,3,77,9.543828547423587
Variant A,3,78,9.730389761128814
Variant A,3,79,7.620130026971921
Variant A,3,80,8.40184288219145
Variant A,3,81,8.650726875008077
Variant A,3,82,7.6830639219959
Variant A,3,83,8.677543451331383
Variant A,3,84,10.0474778497899
Variant A,3,85,9.259688060439585
Variant A,3,86,9.336293048926759
Variant A,3,87,10.408698146889055
Variant A,3,88,8.985599441112328
Variant A,3,89,8.930404117783544
Variant A,3,90,9.82458722473645
Variant A,3,91,6.728673118280267
Variant A,3,92,10.038259444528277
Variant A,3,93,9.184489957558917
Variant A,3,94,7.710534842319002
Variant A,3,95,10.552007643430736
Variant A,3,96,8.526038624849773
Variant A,3,97,9.817905121293785
Variant A,3,98,8.456415782557013
Variant A,3,99,8.710503828252262
Variant A,3,100,8.578727471763985
Variant A,3,101,8.405730378926382
Variant A,3,102,8.148301658494383
Variant A,3,103,8.228632926213868
Variant A,3,104,7.203383429168925
Variant A,3,105,7.9816008740521625
Variant A,3,106,5.586557960973458
Variant A,3,107,8.111111405186477
Variant A,3,108,7.515492190626692
Variant A,3,109,7.113449796022337
Variant A,3,110,7.379626535487817
Variant A,3,111,8.455879164743635
Variant A,3,112,8.411261968452205
Variant A,3,113,6.533546813460177
Variant A,3,114,8.468624305590305
Variant A,3,115,7.501323356048251
Variant A,3,116,7.463642376459921
Variant A,3,117,7.753125168415759
Variant A,3,118,7.79196871742559
Variant A,3,119,8.521661344404869
Variant A,3,120,7.578622487632283
Variant A,3,121,8.987482656365776
Variant A,3,122,7.490824669028945
Variant A,3,123,6.557258378289592
Variant A,3,124,8.164627496993301
Variant A,3,125,7.456390396881744
Variant A,3,126,7.513389830042526
Variant A,3,127,8.18555166315171
Variant A,3,128,5.824870180851085
Variant A,3,129,6.12618759095176
Variant A,3,130,9.062229615168572
Variant A,3,131,8.077789300123897
Variant A,3,132,6.536322185772205
Variant A,3,133,8.133275502236105
Variant A,3,134,7.124305752086916
Variant A,3,135,7.430189490703327
Variant A,3,136,7.199400375019706
Variant A,3,137,9.206638851439742
Variant A,3,138,5.660988868717402
Variant A,3,139,9.052464124402547
Variant A,3,140,6.9230906239309
Variant A,3,141,6.873506602001931
Variant A,3,142,7.362235762729527
Variant A,3,143,7.020309627940684
Variant A,3,144,7.133181190704388
Variant A,3,145,6.8343980097931984
Variant A,3,146,8.764273254356326
Variant A,3,147,4.742920719849951
Variant A,3,148,9.083615904039132
Variant A,3,149,5.967648596013451
Variant A,3,150,7.688839794651986
Variant A,4,0,14.220073758785372
Variant A,4,1,14.128926702506128
Variant A,4,2,14.744340656238645
Variant A,4,3,15.0
Variant A,4,4,13.084799623876748
Variant A,4,5,15.0
Variant A,4,6,12.967495530815741
Variant A,4,7,13.304352258932692
Variant A,4,8,14.924846208795692
Variant A,4,9,12.644095540418217
Variant A,4,10,11.79931710177101
Variant A,4,11,12.200421538274917
Variant A,4,12,11.577712975814853
Variant A,4,13,13.75046859968095
Variant A,4,14,12.706960901937775
Variant A,4,15,15.0
Variant A,4,16,11.692246135038728
Variant A,4,17,9.960778816729793
Variant A,4,18,12.662193987248997
Variant A,4,19,12.484141288966851
Variant A,4,20,12.333750313755598
Variant A,4,21,12.236464041501057
Variant A,4,22,11.601560241442645
Variant A,4,23,11.578837708502968
Variant A,4,24,12.363971981772885
Variant A,4,25,10.62507291390628
Variant A,4,26,10.81558897148606
Variant A,4,27,12.408047092703422
Variant A,4,28,11.340869848531039
Variant A,4,29,12.959572810574473
Variant A,4,30,12.235998385023121
Variant A,4,31,11.953663168089866
Variant A,4,32,10.418285809962239
Variant A,4,33,12.840005604085547
Variant A,4,34,9.971759986316954
Variant A,4,35,11.431511133222529
Variant A,4,36,12.411327563253131
Variant A,4,37,10.381873809300899
Variant A,4,38,12.44391042720008
Variant A,4,39,9.704161149022644
Variant A,4,40,8.670332069393242
Variant A,4,41,10.3561283105544
Variant A,4,42,11.145340285998412
Variant A,4,43,11.553398379609018
Variant A,4,44,10.145604559772597
Variant A,4,45,10.539332396117398
Variant A,4,46,7.4582503923841035
Variant A,4,47,8.984874239376746
Variant A,4,48,11.415233952587908
Variant A,4,49,12.148645934079395
Variant A,4,50,9.387806409231153
Variant A,4,51,9.4988670994668
Variant A,4,52,11.499465932925999
Variant A,4,53,10.939374571812674
Variant A,4,54,9.02027064046748
Variant A,4,55,10.641167253829984
Variant A,4,56,9.94214335428706
Variant A,4,57,10.91162562744325
Variant A,4,58,8.769120834931112
Variant A,4,59,10.965234289219346
Variant A,4,60,10.981708371197566
Variant A,4,61,8.317689677418972
Variant A,4,62,9.744511528199979
Variant A,4,63,8.766709304104234
Variant A,4,64,9.936187947144502
Variant A,4,65,9.750409922046364
Variant A,4,66,8.6596810724144
Variant A,4,67,8.09152032308761
Variant A,4,68,8.631923760884478
Variant A,4,69,9.4605963917647
Variant A,4,70,8.640503939041151
Variant A,4,71,8.003191429051823
Variant A,4,72,9.581771246234037
Variant A,4,73,9.793168457947186
Variant A,4,74,6.101653965388158
Variant A,4,75,7.9464758403497315
Variant A,4,76,6.946872618166018
Variant A,4,77,6.988433598060525
Variant A,4,78,8.482920749950878
Variant A,4,79,10.035064101460332
Variant A,4,80,8.86767098127942
Variant A,4,81,7.358982017670864
Variant A,4,82,8.27308738902708
Variant A,4,83,8.477737599051995
Variant A,4,84,8.963344789248746
Variant A,4,85,9.75206969198268
Variant A,4,86,7.561368020137156
Variant A,4,87,7.839658070552898
Variant A,4,88,9.374328362323434
Variant A,4,89,8.388347784193838
Variant A,4,90,7.7348126337058405
Variant A,4,91,7.647832708232631
Variant A,4,92,5.960231092982202
Variant A,4,93,7.720636219080003
Variant A,4,94,8.335755146423166
Variant A,4,95,7.937765461436073
Variant A,4,96,9.226104317407701
Variant A,4,97,7.889167098315023
Variant A,4,98,5.1962687693734
Variant A,4,99,7.063572271437509
Variant A,4,100,7.076523993663416
Variant A,4,101,8.357227786995722
Variant A,4,102,7.435516553894781
Variant A,4,103,7.737119009946602
Variant A,4,104,7.925386732553005
Variant A,4,105,9.332467541445572
Variant A,4,106,9.520232741455786
Variant A,4,107,9.932520978580934
Variant A,4,108,7.054449102608705
Variant A,4,109,7.159769570602688
Variant A,4,110,5.974979214184881
Variant A,4,111,7.9861704309766095
Variant A,4,112,6.142118411580617
Variant A,4,113,6.499029839581924
Variant A,4,114,6.468948466523532
Variant A,4,115,9.511832574231192
Variant A,4,116,7.302885372463921
Variant A,4,117,8.444115998059027
Variant A,4,118,7.010576023091898
Variant A,4,119,8.394321685975678
Variant A,4,120,9.509712662496787
Variant A,4,121,7.974169211127209
Variant A,4,122,6.077863611187601
Variant A,4,123,9.211873161275546
Variant A,4,124,6.508974670284256
Variant A,4,125,7.954178258105561
Variant A,4,126,7.839542531618645
Variant A,4,127,8.283095275146234
Variant A,4,128,10.245778104330354
Variant A,4,129,8.610705301750267
Variant A,4,130,6.598458518661141
Variant A,4,131,7.9264185374263505
Variant A,4,132,6.726023497049925
Variant A,4,133,10.252011598612631
Variant A,4,134,8.137578325252498
Variant A,4,135,8.384780236622168
Variant A,4,136,7.07505920098163
Variant A,4,137,7.305970357031435
Variant A,4,138,7.563813774000524
Variant A,4,139,6.215160846369495
Variant A,4,140,8.133052246374117
Variant A,4,141,8.135570183427085
Variant A,4,142,9.199302659566147
Variant A,4,143,6.953753449245938
Variant A,4,144,7.371963053349417
Variant A,4,145,5.8625127131743024
Variant A,4,146,8.693662319590285
Variant A,4,147,7.053437898829099
Variant A,4,148,9.476655773976491
Variant A,4,149,8.399167903981308
Variant A,4,150,7.73021498027314
Variant A,5,0,15.0
Variant A,5,1,14.246786460473686
Variant A,5,2,15.0
Variant A,5,3,14.286525696954964
Variant A,5,4,15.0
Variant A,5,5,15.0
Variant A,5,6,14.808625213460928
Variant A,5,7,12.453474605450007
Variant A,5,8,13.879063829414207
Variant A,5,9,12.498665399625743
Variant A,5,10,12.687540854251047
Variant A,5,11,12.867185544583895
Variant A,5,12,13.438976239943933
Variant A,5,13,14.50991080484431
Variant A,5,14,15.0
Variant A,5,15,13.108343077912709
Variant A,5,16,12.644378382164076
Variant A,5,17,13.071723849664354
Variant A,5,18,12.608681106109719
Variant A,5,19,12.931580406501396
Variant A,5,20,12.526243377181729
Variant A,5,21,12.842205171995687
Variant A,5,22,12.809205228624135
Variant A,5,23,14.48691913042368
Variant A,5,24,13.214082862206343
Variant A,5,25,10.166491883762653
Variant A,5,26,11.998076191217415
Variant A,5,27,11.956240039171293
Variant A,5,28,10.873522576060195
Variant A,5,29,10.691043379704706
Variant A,5,30,12.07964540382799
Variant A,5,31,10.417654482346114
Variant A,5,32,11.591283448593641
Variant A,5,33,9.85524800527732
Variant A,5,34,11.024090334909706
Variant A,5,35,10.133890527717602
Variant A,5,36,9.613505520737402
Variant A,5,37,12.11483932408161
Variant A,5,38,9.223430918522983
Variant A,5,39,9.878947465790686
Variant A,5,40,10.680770873194218
Variant A,5,41,8.598598412960843
Variant A,5,42,8.737872808897537
Variant A,5,43,9.408601723395899
Variant A,5,44,11.177065920913932
Variant A,5,45,11.531935886497624
Variant A,5,46,9.673548785936815
Variant A,5,47,8.563206118360867
Variant A,5,48,10.359218264183713
Variant A,5,49,9.352809321242372
Variant A,5,50,8.989795468397695
Variant A,5,51,9.306051858008102
Variant A,5,52,10.660240020749251
Variant A,5,53,10.022589418213409
Variant A,5,54,11.752530213589313
Variant A,5,55,9.158377216858547
Variant A,5,56,9.918191621563512
Variant A,5,57,10.81888678684656
Variant A,5,58,9.046618284835025
Variant A,5,59,9.099691740703575
Variant A,5,60,8.542536129367985
Variant A,5,61,8.010295007104402
Variant A,5,62,8.294199160508015
Variant A,5,63,9.327569571437202
Variant A,5,64,10.662508496311016
Variant A,5,65,9.426925979173959
Variant A,5,66,9.475003237728712
Variant A,5,67,8.023096201498824
Variant A,5,68,9.310977864930095
Variant A,5,69,6.954983950789295
Variant A,5,70,10.138541573227434
Variant A,5,71,11.08798298598254
Variant A,5,72,8.349598001402788
Variant A,5,73,9.60998644669197
Variant A,5,74,7.490129013912481
Variant A,5,75,8.53387858991233
Variant A,5,76,7.1251364478430546
Variant A,5,77,8.336402415850895
Variant A,5,78,8.054868050474967
Variant A,5,79,9.418275681879956
Variant A,5,80,7.822801913050213
Variant A,5,81,6.069264160610616
Variant A,5,82,9.28675060907055
Variant A,5,83,7.8634046308895
Variant A,5,84,6.832700639033749
Variant A,5,85,8.180648701441973
Variant A,5,86,7.0937315619262025
Variant A,5,87,9.76342947897837
Variant A,5,88,8.980890225232782
Variant A,5,89,10.76030668972148
Variant A,5,90,7.878222750225009
Variant A,5,91,8.349059559080647
Variant A,5,92,8.63173393642922
Variant A,5,93,8.966486632197352
Variant A,5,94,8.464337866095281
Variant A,5,95,8.523494981999049
Variant A,5,96,7.088500089138356
Variant A,5,97,7.123205044703533
Variant A,5,98,8.263950052784041
Variant A,5,99,9.834953037129548
Variant A,5,100,8.68454037578376
Variant A,5,101,7.105980386599939
Variant A,5,102,7.28418330707025
Variant A,5,103,8.792087047304813
Variant A,5,104,8.23369688864692
Variant A,5,105,7.432003249026298
Variant A,5,106,7.834700229420259
Variant A,5,107,7.038981812432478
Variant A,5,108,7.827843842151212
Variant A,5,109,7.803067603326627
Variant A,5,110,9.015279702842005
Variant A,5,111,6.872697264558464
Variant A,5,112,6.190410437090711
Variant A,5,113,7.321878333433562
Variant A,5,114,7.074392993912201
Variant A,5,115,7.704361712051829
Variant A,5,116,6.233456344800487
Variant A,5,117,6.9045504092838454
Variant A,5,118,10.230819515056677
Variant A,5,119,7.02072522301028
Variant A,5,120,7.3634221728146265
Variant A,5,121,8.004720381107147
Variant A,5,122,8.580924817460161
Variant A,5,123,9.307123199650691
Variant A,5,124,7.403601392087205
Variant A,5,125,8.14672826023384
Variant A,5,126,4.2752487851506835
Variant A,5,127,7.687242072853584
Variant A,5,128,7.662708286396091
Variant A,5,129,7.515753222378455
Variant A,5,130,6.916763124713846
Variant A,5,131,6.221630966079147
Variant A,5,132,7.667073649696464
Variant A,5,133,8.707632581302951
Variant A,5,134,6.547995798312978
Variant A,5,135,7.497743578304805
Variant A,5,136,5.876549878411151
Variant A,5,137,7.67821056952982
Variant A,5,138,8.437196105849491
Variant A,5,139,8.165094476694545
Variant A,5,140,6.084396696603443
Variant A,5,141,7.359020255804213
Variant A,5,142,6.599839204108831
Variant A,5,143,6.901342168053553
Variant A,5,144,10.627529066702781
Variant A,5,145,5.463860139400359
Variant A,5,146,6.909495428764684
Variant A,5,147,8.708595240356683
Variant A,5,148,7.522831463799351
Variant A,5,149,9.0046174395197
Variant A,5,150,6.897831025593228
Variant A,6,0,14.766433471827183
Variant A,6,1,14.223404822128144
Variant A,6,2,14.699828052827552
Variant A,6,3,14.326136219956732
Variant A,6,4,14.769996839522113
Variant A,6,5,14.8922196966352
Variant A,6,6,14.717305645566398
Variant A,6,7,14.112826353285438
Variant A,6,8,15.0
Variant A,6,9,15.0
Variant A,6,10,13.980867928958535
Variant A,6,11,13.297406236053527
Variant A,6,12,13.443459668284902
Variant A,6,13,14.219989841486225
Variant A,6,14,12.828745157305596
Variant A,6,15,11.592075972449575
Variant A,6,16,13.597290777120895
Variant A,6,17,12.988914646768087
Variant A,6,18,12.343661644991858
Variant A,6,19,12.118097665700686
Variant A,6,20,12.46992278194092
Variant A,6,21,13.157152430130004
Variant A,6,22,10.592200569546403
Variant A,6,23,10.912454309285062
Variant A,6,24,11.567547985537082
Variant A,6,25,9.917477899060605
Variant A,6,26,12.14100376437437
Variant A,6,27,11.244695768615511
Variant A,6,28,13.450530640719103
Variant A,6,29,10.875684706964387
Variant A,6,30,10.570444363709827
Variant A,6,31,11.024305520422287
Variant A,6,32,11.967781379928375
Variant A,6,33,9.590816942168269
Variant A,6,34,10.272130934803982
Variant A,6,35,9.841760247258271
Variant A,6,36,11.467523832136505
Variant A,6,37,10.714886148910013
Variant A,6,38,9.057452178660217
Variant A,6,39,10.600168273051189
Variant A,6,40,9.814590606816884
Variant A,6,41,9.314171875370166
Variant A,6,42,10.67601415309031
Variant A,6,43,10.969599786013111
Variant A,6,44,9.720882575761099
Variant A,6,45,10.356371646072331
Variant A,6,46,10.795296202007012
Variant A,6,47,10.138055547315577
Variant A,6,48,10.41355586300043
Variant A,6,49,9.591242076330925
Variant A,6,50,11.16219775740398
Variant A,6,51,9.257373687814034
Variant A,6,52,10.520370733766311
Variant A,6,53,9.344186653581062
Variant A,6,54,10.927237066765409
Variant A,6,55,11.206644214148854
Variant A,6,56,11.096218755644164
Variant A,6,57,9.14508313658954
Variant A,6,58,7.24289531886285
Variant A,6,59,7.209776109692062
Variant A,6,60,7.844285058663914
Variant A,6,61,7.766387583634103
Variant A,6,62,8.787493176141139
Variant A,6,63,8.887737601884703
Variant A,6,64,8.457320056319624
Variant A,6,65,7.335820882397492
Variant A,6,66,9.448465974210022
Variant A,6,67,8.86303155590354
Variant A,6,68,8.984918210329509
Variant A,6,69,7.28668725859704
Variant A,6,70,10.133137912168424
Variant A,6,71,8.455032350088786
Variant A,6,72,9.191871673155438
Variant A,6,73,9.647203153298827
Variant A,6,74,10.195232768912302
Variant A,6,75,9.328754435943054
Variant A,6,76,9.248774752678386
Variant A,6,77,9.395442489698603
Variant A,6,78,8.175084168296133
Variant A,6,79,8.885494906967168
Variant A,6,80,8.993067343258303
Variant A,6,81,7.3231913408400375
Variant A,6,82,9.137270683052643
Variant A,6,83,9.584822034661727
Variant A,6,84,7.678897940789289
Variant A,6,85,6.346531110123625
Variant A,6,86,7.765324648744164
Variant A,6,87,8.928558486882048
Variant A,6,88,9.879432316785831
Variant A,6,89,7.886081829657337
Variant A,6,90,6.5583595461268525
Variant A,6,91,8.622628662984006
Variant A,6,92,8.188694880243474
Variant A,6,93,9.381634580484103
Variant A,6,94,7.349991425917256
Variant A,6,95,8.759791676278718
Variant A,6,96,8.199628349612588
Variant A,6,97,6.225526895659866
Variant A,6,98,6.957066384794943
Variant A,6,99,7.422361076763441
Variant A,6,100,7.497161100169524
Variant A,6,101,8.290158150211555
Variant A,6,102,8.95442624437115
Variant A,6,103,8.501841765570575
Variant A,6,104,7.657070227489102
Variant A,6,105,7.8711027554603765
Variant A,6,106,6.592448268922424
Variant A,6,107,7.703892059743328
Variant A,6,108,6.99384211542102
Variant A,6,109,8.836482365228758
Variant A,6,110,8.46405750542958
Variant A,6,111,8.855855759856773
Variant A,6,112,9.15467487162637
Variant A,6,113,7.5470501549631335
Variant A,6,114,9.185877046224842
Variant A,6,115,10.008733221867042
Variant A,6,116,8.895857671220394
Variant A,6,117,6.932636729249744
Variant A,6,118,8.045122311095527
Variant A,6,119,8.28550013275285
Variant A,6,120,6.631858806071352
Variant A,6,121,5.993463878910378
Variant A,6,122,7.604192869461532
Variant A,6,123,8.355773233460305
Variant A,6,124,5.248637564169627
Variant A,6,125,7.325664440106849
Variant A,6,126,5.292683993042779
Variant A,6,127,5.735479098422209
Variant A,6,128,8.456988803858195
Variant A,6,129,7.5964195653389694
Variant A,6,130,6.592037899266489
Variant A,6,131,7.058200433832471
Variant A,6,132,7.5275865229281305
Variant A,6,133,6.223421099588717
Variant A,6,134,7.90681900285605
Variant A,6,135,4.904052698817782
Variant A,6,136,6.042540350423119
Variant A,6,137,7.991079512260645
Variant A,6,138,8.815680418485178
Variant A,6,139,8.879835620712702
Variant A,6,140,5.174766713438203
Variant A,6,141,6.338616217835251
Variant A,6,142,8.719519996102306
Variant A,6,143,6.520858615028885
Variant A,6,144,8.338307836819242
Variant A,6,145,6.7242049712542675
Variant A,6,146,5.637856489912112
Variant A,6,147,5.901659491170732
Variant A,6,148,8.957279455309461
Variant A,6,149,6.343379049891052
Variant A,6,150,7.668806684944513
Variant A,7,0,14.482794267492306
Variant A,7,1,13.970803132676203
Variant A,7,2,14.587010313640357
Variant A,7,3,13.66970388114272
Variant A,7,4,14.793962288844932
Variant A,7,5,15.0
Variant A,7,6,12.582327414330818
Variant A,7,7,15.0
Variant A,7,8,15.0
Variant A,7,9,11.927052911382601
Variant A,7,10,12.937873893239654
Variant A,7,11,12.749541204516062
Variant A,7,12,13.538475726809512
Variant A,7,13,12.566614032646537
Variant A,7,14,12.975886327803606
Variant A,7,15,12.947423893126418
Variant A,7,16,12.887468461795436
Variant A,7,17,14.193785023987221
Variant A,7,18,11.193715567311644
Variant A,7,19,12.832418008901602
Variant A,7,20,12.656388510214494
Variant A,7,21,12.622482193095939
Variant A,7,22,12.80616398100511
Variant A,7,23,10.695181785207163
Variant A,7,24,12.32730544060363
Variant A,7,25,11.99130991881097
Variant A,7,26,8.974908504170664
Variant A,7,27,11.642675759942826
Variant A,7,28,12.354386541416506
Variant A,7,29,12.030588115168152
Variant A,7,30,10.874021665625417
Variant A,7,31,9.396051776830353
Variant A,7,32,11.561003231667184
Variant A,7,33,10.082684793652986
Variant A,7,34,9.541609273953883
Variant A,7,35,12.04175734874439
Variant A,7,36,9.413388941796228
Variant A,7,37,11.592561645114548
Variant A,7,38,8.098680742033043
Variant A,7,39,12.419623086164965
Variant A,7,40,10.914791220602163
Variant A,7,41,10.808740206010116
Variant A,7,42,9.819508146786617
Variant A,7,43,10.945194786062208
Variant A,7,44,11.603752187892107
Variant A,7,45,11.106789711100902
Variant A,7,46,10.509386960476672
Variant A,7,47,10.928555646919431
Variant A,7,48,11.910478196477255
Variant A,7,49,9.13784762132958
Variant A,7,50,9.841540332747055
Variant A,7,51,13.28722351685012
Variant A,7,52,10.126073392223153
Variant A,7,53,9.173611079314664
Variant A,7,54,8.5551753143937
Variant A,7,55,8.429693371546898
Variant A,7,56,7.78942098807209
Variant A,7,57,11.356475789406666
Variant A,7,58,7.382885336583467
Variant A,7,59,10.487718477668375
Variant A,7,60,10.179367823134136
Variant A,7,61,8.119231598888305
Variant A,7,62,8.673997284940068
Variant A,7,63,9.130639706263475
Variant A,7,64,9.708791229990668
Variant A,7,65,9.495606893677943
Variant A,7,66,8.860524773712328
Variant A,7,67,8.931355888283749
Variant A,7,68,7.5767536602924475
Variant A,7,69,8.711110715148553
Variant A,7,70,8.975065099857101
Variant A,7,71,9.044454643807574
Variant A,7,72,7.648283227241332
Variant A,7,73,8.579943825824493
Variant A,7,74,9.539529211147403
Variant A,7,75,7.781711179287493
Variant A,7,76,8.074782674503146
Variant A,7,77,8.442181794393237
Variant A,7,78,8.157607416638179
Variant A,7,79,10.161573654426558
Variant A,7,80,9.140198300452822
Variant A,7,81,9.535979745496267
Variant A,7,82,7.939548878503711
Variant A,7,83,7.0555587529464106
Variant A,7,84,7.950658896953575
Variant A,7,85,9.099775361443053
Variant A,7,86,8.050641925527152
Variant A,7,87,10.293766128567805
Variant A,7,88,7.15853958825664
Variant A,7,89,8.288725108590096
Variant A,7,90,8.51354155040907
Variant A,7,91,6.191686560172105
Variant A,7,92,6.683596671221682
Variant A,7,93,7.049740369711227
Variant A,7,94,8.058949618634303
Variant A,7,95,7.9913644459056306
Variant A,7,96,8.7276137093705
Variant A,7,97,9.941069940346036
Variant A,7,98,7.409273525469381
Variant A,7,99,8.83548681248524
Variant A,7,100,8.844588628696881
Variant A,7,101,8.099202359302902
Variant A,7,102,8.280850021929687
Variant A,7,103,9.461675724609734
Variant A,7,104,7.390623090705375
Variant A,7,105,8.421330787374359
Variant A,7,106,9.516476904970183
Variant A,7,107,8.179177529139345
Variant A,7,108,5.388067863164704
Variant A,7,109,6.643151839933779
Variant A,7,110,8.983593808910149
Variant A,7,111,6.464121421878996
Variant A,7,112,8.394564014317927
Variant A,7,113,7.461446301094986
Variant A,7,114,7.45187481332375
Variant A,7,115,9.45693552533836
Variant A,7,116,7.18677513291851
Variant A,7,117,8.247577137394446
Variant A,7,118,9.26482518813088
Variant A,7,119,7.618384625321304
Variant A,7,120,7.1840823567193235
Variant A,7,121,6.947556793243026
Variant A,7,122,7.315839146839321
Variant A,7,123,8.608324824218439
Variant A,7,124,6.405512027607551
Variant A,7,125,8.112764218533146
Variant A,7,126,7.897562974078081
Variant A,7,127,7.363606896148768
Variant A,7,128,9.319482811216602
Variant A,7,129,7.624954143094591
Variant A,7,130,7.075632146173954
Variant A,7,131,7.931642630263805
Variant A,7,132,9.045425504177391
Variant A,7,133,6.4111033311911765
Variant A,7,134,5.132367964874035
Variant A,7,135,6.39958579302607
Variant A,7,136,8.684190026188114
Variant A,7,137,6.452555113047235
Variant A,7,138,7.632867027563698
Variant A,7,139,6.068184374910658
Variant A,7,140,6.561307156438191
Variant A,7,141,7.084853170903056
Variant A,7,142,6.490555053348321
Variant A,7,143,7.513177000375721
Variant A,7,144,7.257085613688076
Variant A,7,145,4.5543253181164705
Variant A,7,146,5.695067750035795
Variant A,7,147,7.332926222510737
Variant A,7,148,6.802590754715775
Variant A,7,149,6.667852242527759
Variant A,7,150,5.732266492552608
Variant B,0,0,15.0
Variant B,0,1,15.0
Variant B,0,2,13.510978571000809
Variant B,0,3,12.450761019385599
Variant B,0,4,12.217909714870483
Variant B,0,5,12.14980731891284
Variant B,0,6,11.031363241285632
Variant B,0,7,11.049175270363754
Variant B,0,8,11.297532679150855
Variant B,0,9,9.786641439308097
Variant B,0,10,9.862895372517867
Variant B,0,11,9.404871626386974
Variant B,0,12,8.435492549017098
Variant B,0,13,9.177900214677416
Variant B,0,14,9.477945506947988
Variant B,0,15,8.66058396270624
Variant B,0,16,7.579611109329387
Variant B,0,17,8.284448149835399
Variant B,0,18,7.995957375699558
Variant B,0,19,7.359582732777075
Variant B,0,20,7.400698760625314
Variant B,0,21,8.421027467934366
Variant B,0,22,7.183337455200573
Variant B,0,23,7.2710660756484815
Variant B,0,24,7.588578128123956
Variant B,0,25,7.035451980030183
Variant B,0,26,7.367442018175147
Variant B,0,27,6.082074203954779
Variant B,0,28,6.791873288721318
Variant B,0,29,7.169452729724083
Variant B,0,30,6.893167820118759
Variant B,0,31,6.087476941460533
Variant B,0,32,5.880417136667557
Variant B,0,33,6.957427636563084
Variant B,0,34,7.329351705437805
Variant B,0,35,6.748909825032018
Variant B,0,36,6.487086973973118
Variant B,0,37,6.06491078760147
Variant B,0,38,7.420643457268654
Variant B,0,39,7.510517582476119
Variant B,0,40,6.673727234386651
Variant B,0,41,6.1886823473123185
Variant B,0,42,7.064544719750735
Variant B,0,43,7.094744843167979
Variant B,0,44,5.642045633553879
Variant B,0,45,6.791370727104548
Variant B,0,46,6.283174647324155
Variant B,0,47,7.263163874077012
Variant B,0,48,7.026923157247828
Variant B,0,49,6.690248899946397
Variant B,0,50,5.779613882581468
Variant B,0,51,6.251373509322846
Variant B,0,52,6.257678805921351
Variant B,0,53,6.274078163436162
Variant B,0,54,6.0701692936595695
Variant B,0,55,6.837706027905819
Variant B,0,56,6.152232439055392
Variant B,0,57,7.316883923123559
Variant B,0,58,6.319551785182743
Variant B,0,59,6.234353253638754
Variant B,0,60,5.480059416949582
Variant B,0,61,6.525286002758451
Variant B,0,62,6.125708414167701
Variant B,0,63,6.430601508074898
Variant B,0,64,7.581490605798438
Variant B,0,65,5.6229423449521825
Variant B,0,66,6.766421549479091
Variant B,0,67,5.289994815372723
Variant B,0,68,6.648221142769806
Variant B,0,69,5.876536430642188
Variant B,0,70,7.776329648409875
Variant B,0,71,6.894101172130326
Variant B,0,72,5.804384037563824
Variant B,0,73,5.717888863523425
Variant B,0,74,6.387744736983406
Variant B,0,75,7.78704606539617
Variant B,0,76,5.213747296195468
Variant B,0,77,6.16264114476285
Variant B,0,78,5.834905195750023
Variant B,0,79,6.004231771765074
Variant B,0,80,6.5997099039284395
Variant B,0,81,5.453585703436632
Variant B,0,82,6.145756446318894
Variant B,0,83,5.964426121109118
Variant B,0,84,6.338953847914092
Variant B,0,85,5.918394706486653
Variant B,0,86,6.233780594087241
Variant B,0,87,6.469148932890908
Variant B,0,88,5.115170817400097
Variant B,0,89,6.129893782300671
Variant B,0,90,6.454638091377168
Variant B,0,91,6.130371741898229
Variant B,0,92,6.128256476109172
Variant B,0,93,6.953731953809076
Variant B,0,94,6.3706503737459315
Variant B,0,95,6.490250936407145
Variant B,0,96,6.838363419697934
Variant B,0,97,5.96131801820209
Variant B,0,98,5.7921088629850415
Variant B,0,99,6.560625237193003
Variant B,0,100,5.089305795247489
Variant B,0,101,5.4192390415446265
Variant B,0,102,6.727491551660501
Variant B,0,103,5.649403769800029
Variant B,0,104,5.7094845838462165
Variant B,0,105,6.490622213648829
Variant B,0,106,6.328377060130809
Variant B,0,107,5.821805676070535
Variant B,0,108,6.199282573481252
Variant B,0,109,6.085854005635476
Variant B,0,110,6.030768257632136
Variant B,0,111,5.926350098136788
Variant B,0,112,5.973247343314131
Variant B,0,113,6.55401027680936
Variant B,0,114,7.6466972524754055
Variant B,0,115,5.559229573028178
Variant B,0,116,6.427989923577905
Variant B,0,117,5.274092417443538
Variant B,0,118,5.901055259542423
Variant B,0,119,5.632171672798146
Variant B,0,120,5.524362062033041
Variant B,0,121,5.892125645343411
Variant B,0,122,5.624922173902129
Variant B,0,123,6.66571679034089
Variant B,0,124,6.684887297576943
Variant B,0,125,5.707744045344846
Variant B,0,126,6.905941820597878
Variant B,0,127,7.269030410945496
Variant B,0,128,5.74495178363001
Variant B,0,129,5.8654454723744704
Variant B,0,130,5.483360782580236
Variant B,0,131,6.725779117806377
Variant B,0,132,6.189394188906716
Variant B,0,133,6.106568632365403
Variant B,0,134,6.975230127538411
Variant B,0,135,5.921179557822233
Variant B,0,136,5.921175542475105
Variant B,0,137,6.1928363712793875
Variant B,0,138,5.968317204849399
Variant B,0,139,5.1543791323323145
Variant B,0,140,6.272065253441405
Variant B,0,141,6.168770294887876
Variant B,0,142,6.449178724419491
Variant B,0,143,6.348379603950962
Variant B,0,144,6.078024439434041
Variant B,0,145,6.579388586466289
Variant B,0,146,5.955474111972241
Variant B,0,147,5.898448877391236
Variant B,0,148,6.517915278144005
Variant B,0,149,6.260919439124162
Variant B,0,150,6.456125444677364
Variant B,1,0,15.0
Variant B,1,1,14.032619522691968
Variant B,1,2,13.741780246701655
Variant B,1,3,13.11259336157839
Variant B,1,4,12.182276707781714
Variant B,1,5,12.26298850684844
Variant B,1,6,11.318921574037514
Variant B,1,7,12.009335496130346
Variant B,1,8,10.895717058137432
Variant B,1,9,10.738258208244737
Variant B,1,10,10.542749219172665
Variant B,1,11,10.063092757270864
Variant B,1,12,8.990138346635428
Variant B,1,13,8.421688926014388
Variant B,1,14,8.854014860318724
Variant B,1,15,8.355271985975696
Variant B,1,16,7.969919732764473
Variant B,1,17,8.283171969676102
Variant B,1,18,8.2339910640174
Variant B,1,19,7.1616066933104126
Variant B,1,20,7.525310513890981
Variant B,1,21,7.748054760254338
Variant B,1,22,6.827173821278393
Variant B,1,23,7.579707920616538
Variant B,1,24,7.094081679769383
Variant B,1,25,7.128806630610952
Variant B,1,26,8.054234335785495
Variant B,1,27,6.839754276044311
Variant B,1,28,7.003653574687334
Variant B,1,29,7.811588744929091
Variant B,1,30,6.93352006052651
Variant B,1,31,8.394635868767407
Variant B,1,32,6.615280504651764
Variant B,1,33,6.437833074613602
Variant B,1,34,6.495930860180748
Variant B,1,35,6.690020427001417
Variant B,1,36,7.013521104379736
Variant B,1,37,6.27539885484851
Variant B,1,38,6.536595316265333
Variant B,1,39,5.803481278619791
Variant B,1,40,7.262748823755887
Variant B,1,41,6.929959689968099
Variant B,1,42,6.933810686522194
Variant B,1,43,6.7517271925682945
Variant B,1,44,7.677780977425652
Variant B,1,45,6.099654781219378
Variant B,1,46,6.251377751532239
Variant B,1,47,7.036400717227876
Variant B,1,48,6.217169733125387
Variant B,1,49,6.378243335280478
Variant B,1,50,6.588224145291906
Variant B,1,51,6.140896334152608
Variant B,1,52,5.310684861734749
Variant B,1,53,7.116466400914574
Variant B,1,54,6.612363104107935
Variant B,1,55,6.773350729540594
Variant B,1,56,6.321536555126628
Variant B,1,57,7.625288922100326
Variant B,1,58,5.8893363936657215
Variant B,1,59,6.909855418724575
Variant B,1,60,6.513000383537382
Variant B,1,61,6.438566380002427
Variant B,1,62,5.415707358892569
Variant B,1,63,6.380572389822264
Variant B,1,64,6.563198019833668
Variant B,1,65,6.2576203453764485
Variant B,1,66,6.191257821590789
Variant B,1,67,5.616925067215092
Variant B,1,68,5.976058682322241
Variant B,1,69,6.885100325064213
Variant B,1,70,6.210783040313772
Variant B,1,71,5.631375139073214
Variant B,1,72,5.941378274491982
Variant B,1,73,6.237952578026603
Variant B,1,74,6.697000959673164
Variant B,1,75,4.649258366464707
Variant B,1,76,6.320684507127816
Variant B,1,77,5.816575742372904
Variant B,1,78,6.631541990435244
Variant B,1,79,6.144716503349953
Variant B,1,80,6.244374491113952
Variant B,1,81,6.224823988182097
Variant B,1,82,5.541126740352583
Variant B,1,83,6.477819495295628
Variant B,1,84,6.203363749459815
Variant B,1,85,6.77622635660902
Variant B,1,86,7.015546630793662
Variant B,1,87,7.388304558446351
Variant B,1,88,6.591234053693926
Variant B,1,89,6.042129325751149
Variant B,1,90,5.380549598910665
Variant B,1,91,7.314455265184231
Variant B,1,92,5.702902113329635
Variant B,1,93,6.152523598250536
Variant B,1,94,6.217080554676694
Variant B,1,95,5.544340800311421
Variant B,1,96,6.52783122157338
Variant B,1,97,6.442732434220925
Variant B,1,98,6.3507763403979025
Variant B,1,99,6.821608236145814
Variant B,1,100,6.502217587915522
Variant B,1,101,7.007802577423287
Variant B,1,102,5.688632708509033
Variant B,1,103,6.358818408839736
Variant B,1,104,6.059421291216991
Variant B,1,105,6.573919980610744
Variant B,1,106,6.904645789968133
Variant B,1,107,5.509943352815472
Variant B,1,108,6.8157479712827955
Variant B,1,109,6.647397392571383
Variant B,1,110,6.616924284828455
Variant B,1,111,6.715166511995508
Variant B,1,112,6.906439517429217
Variant B,1,113,6.32059224847336
Variant B,1,114,7.007907328446435
Variant B,1,115,6.994392421999033
Variant B,1,116,6.228397045302406
Variant B,1,117,6.524113766939644
Variant B,1,118,6.906691084039497
Variant B,1,119,6.540546885823737
Variant B,1,120,6.522640558909176
Variant B,1,121,6.215282099065709
Variant B,1,122,5.596610073559724
Variant B,1,123,5.8749093570746735
Variant B,1,124,6.9172704600237305
Variant B,1,125,6.923837171112684
Variant B,1,126,6.635281662926346
Variant B,1,127,7.302718048061616
Variant B,1,128,6.971867925403387
Variant B,1,129,6.138057678264171
Variant B,1,130,6.335246304613888
Variant B,1,131,5.655762464322177
Variant B,1,132,5.787823984370229
Variant B,1,133,6.278742606810304
Variant B,1,134,5.560924470500752
Variant B,1,135,5.911535508022173
Variant B,1,136,7.2073563054567025
Variant B,1,137,5.7142567628833945
Variant B,1,138,6.5735289412275755
Variant B,1,139,6.478788553161119
Variant B,1,140,6.181068598068458
Variant B,1,141,6.667449916200763
Variant B,1,142,6.354389122445564
Variant B,1,143,5.6467965069476005
Variant B,1,144,6.269887940066029
Variant B,1,145,6.133192734624327
Variant B,1,146,6.2084548945382165
Variant B,1,147,7.016371690356946
Variant B,1,148,6.94493570394206
Variant B,1,149,6.496053916554507
Variant B,1,150,6.388150258002701
Variant B,2,0,15.0
Variant B,2,1,14.827817419615885
Variant B,2,2,14.009926676556212
Variant B,2,3,11.975128985250615
Variant B,2,4,12.997265213959153
Variant B,2,5,11.281319853706062
Variant B,2,6,11.976606086890989
Variant B,2,7,10.863105556004198
Variant B,2,8,9.80172574467026
Variant B,2,9,9.810339027657268
Variant B,2,10,9.333638662862583
Variant B,2,11,9.77628487386133
Variant B,2,12,10.70757420744824
Variant B,2,13,8.160795063208347
Variant B,2,14,8.756576581088112
Variant B,2,15,8.404523753705746
Variant B,2,16,8.416848578881412
Variant B,2,17,8.116906611804392
Variant B,2,18,9.019635816978736
Variant B,2,19,7.263988705880424
Variant B,2,20,8.488552332262126
Variant B,2,21,9.245440485358024
Variant B,2,22,7.936236338438246
Variant B,2,23,7.203018295383025
Variant B,2,24,7.021877914037132
Variant B,2,25,7.188166613935761
Variant B,2,26,6.693440317714936
Variant B,2,27,6.586719570385184
Variant B,2,28,7.7130810653568
Variant B,2,29,7.114436792892794
Variant B,2,30,7.330829615477688
Variant B,2,31,6.322995306726098
Variant B,2,32,6.476141819055664
Variant B,2,33,6.31804087819123
Variant B,2,34,6.504917638510295
Variant B,2,35,6.583296187066546
Variant B,2,36,7.060711313079988
Variant B,2,37,7.495415486187477
Variant B,2,38,7.200490756093402
Variant B,2,39,6.892949119829158
Variant B,2,40,7.430491117637461
Variant B,2,41,7.621937404151232
Variant B,2,42,6.03905520573948
Variant B,2,43,5.255812554112141
Variant B,2,44,5.08858793942298
Variant B,2,45,6.282335881096747
Variant B,2,46,5.499489866749836
Variant B,2,47,5.710122616281615
Variant B,2,48,6.80869815063992
Variant B,2,49,6.435477516836198
Variant B,2,50,5.3547564765473465
Variant B,2,51,5.6345977127461415
Variant B,2,52,6.363023810195179
Variant B,2,53,6.567299603738265
Variant B,2,54,5.909854206438883
Variant B,2,55,6.171592601161042
Variant B,2,56,6.055340085070015
Variant B,2,57,6.460005461868951
Variant B,2,58,6.776828323315094
Variant B,2,59,5.92678736645922
Variant B,2,60,5.928183893711879
Variant B,2,61,6.840914511542765
Variant B,2,62,5.259731068835506
Variant B,2,63,6.708407562808806
Variant B,2,64,6.2501940718273055
Variant B,2,65,6.555408302904774
Variant B,2,66,6.365336926912869
Variant B,2,67,7.441314219433643
Variant B,2,68,5.940326133437072
Variant B,2,69,6.070391419569176
Variant B,2,70,6.127274812044282
Variant B,2,71,6.687074658400977
Variant B,2,72,6.619422452775421
Variant B,2,73,5.487781702326064
Variant B,2,74,6.219628901615453
Variant B,2,75,5.935022597144066
Variant B,2,76,6.322860605344117
Variant B,2,77,7.125564028591626
Variant B,2,78,5.880932971521073
Variant B,2,79,6.6013050829618285
Variant B,2,80,5.93519413006269
Variant B,2,81,6.443037202991656
Variant B,2,82,5.805333530754898
Variant B,2,83,6.152596647552801
Variant B,2,84,6.802665744760406
Variant B,2,85,6.651434278833859
Variant B,2,86,5.985318087343056
Variant B,2,87,6.05874770325804
Variant B,2,88,6.999004354639462
Variant B,2,89,6.0705313715065525
Variant B,2,90,5.529251557954269
Variant B,2,91,7.201599037480358
Variant B,2,92,6.996128702003919
Variant B,2,93,6.061611215659022
Variant B,2,94,5.407451337831026
Variant B,2,95,6.09240838143999
Variant B,2,96,6.038643681199619
Variant B,2,97,6.484795485055482
Variant B,2,98,5.595525924913243
Variant B,2,99,6.155516948754725
Variant B,2,100,6.166133269416993
Variant B,2,101,6.268969223414448
Variant B,2,102,6.3616882856370855
Variant B,2,103,5.8057678447046435
Variant B,2,104,5.927286050829445
Variant B,2,105,6.574802609004974
Variant B,2,106,6.3258580127592525
Variant B,2,107,5.729876915957943
Variant B,2,108,6.497146750487577
Variant B,2,109,6.936969596483519
Variant B,2,110,5.875036106813084
Variant B,2,111,6.833152078232906
Variant B,2,112,5.469279596231165
Variant B,2,113,6.253978572180861
Variant B,2,114,6.667101493054708
Variant B,2,115,5.568818160722396
Variant B,2,116,7.211798334729127
Variant B,2,117,5.8271677574295335
Variant B,2,118,6.8293275638688336
Variant B,2,119,5.746764341047567
Variant B,2,120,5.541954559547691
Variant B,2,121,6.68443436700756
Variant B,2,122,7.84962235975476
Variant B,2,123,6.890125994985048
Variant B,2,124,7.157637482122469
Variant B,2,125,5.950432495302691
Variant B,2,126,6.546212788519692
Variant B,2,127,6.668280252583875
Variant B,2,128,5.943393053352278
Variant B,2,129,7.10840772320712
Variant B,2,130,6.394785625661951
Variant B,2,131,5.288966731008576
Variant B,2,132,6.290968753348741
Variant B,2,133,6.889002662965248
Variant B,2,134,6.05624390685347
Variant B,2,135,6.611156574054135
Variant B,2,136,6.78145732224692
Variant B,2,137,6.428204684599018
Variant B,2,138,6.047345933996092
Variant B,2,139,6.553355003894331
Variant B,2,140,6.888327748233736
Variant B,2,141,6.776777573858795
Variant B,2,142,7.177010499094374
Variant B,2,143,6.193273188650318
Variant B,2,144,6.4482230813809895
Variant B,2,145,5.135925249019161
Variant B,2,146,6.256909065007416
Variant B,2,147,6.42745683790384
Variant B,2,148,6.1854913060970755
Variant B,2,149,7.007045789001387
Variant B,2,150,6.448865216208656
Variant B,3,0,14.735981967674693
Variant B,3,1,14.503297030712108
Variant B,3,2,13.101292687488794
Variant B,3,3,13.357853145772431
Variant B,3,4,11.918975473918032
Variant B,3,5,11.466351734134493
Variant B,3,6,12.288542316495796
Variant B,3,7,10.350749762383987
Variant B,3,8,10.797572970096658
Variant B,3,9,9.920395520131843
Variant B,3,10,10.175226207186267
Variant B,3,11,9.568628287323659
Variant B,3,12,9.472539719989822
Variant B,3,13,9.031163936991419
Variant B,3,14,9.393956405713885
Variant B,3,15,8.377572054587858
Variant B,3,16,8.605835135761716
Variant B,3,17,7.71709343948918
Variant B,3,18,7.678886902797015
Variant B,3,19,8.110918885284491
Variant B,3,20,7.648021404725106
Variant B,3,21,8.072044867856777
Variant B,3,22,8.021439155903664
Variant B,3,23,6.9310942155043875
Variant B,3,24,6.375450180740468
Variant B,3,25,6.403298732794088
Variant B,3,26,6.060832135053841
Variant B,3,27,7.772022488047972
Variant B,3,28,7.043568324197385
Variant B,3,29,7.242925930458513
Variant B,3,30,6.397969028488607
Variant B,3,31,6.003189104589261
Variant B,3,32,6.066232270239534
Variant B,3,33,6.6117832808752475
Variant B,3,34,7.340587154805748
Variant B,3,35,6.148069785218714
Variant B,3,36,6.386344025547961
Variant B,3,37,5.3442774679993015
Variant B,3,38,7.106881121335641
Variant B,3,39,6.89099131986024
Variant B,3,40,6.426875594040676
Variant B,3,41,6.44298513374129
Variant B,3,42,6.395679795327114
Variant B,3,43,6.149815393072637
Variant B,3,44,7.2789838671862475
Variant B,3,45,6.03777383330095
Variant B,3,46,6.420502105940317
Variant B,3,47,7.115408770698048
Variant B,3,48,5.810455686842856
Variant B,3,49,6.850990970432507
Variant B,3,50,6.470686012302922
Variant B,3,51,6.7081670276441585
Variant B,3,52,5.666043384676408
Variant B,3,53,6.257988257519193
Variant B,3,54,6.662103565271799
Variant B,3,55,6.440974839190782
Variant B,3,56,5.829710576811649
Variant B,3,57,7.386028590870936
Variant B,3,58,5.980613011405004
Variant B,3,59,7.171213282323709
Variant B,3,60,6.277357745993043
Variant B,3,61,6.231692413579251
Variant B,3,62,7.237809543996757
Variant B,3,63,6.2910827218022805
Variant B,3,64,5.40194265126193
Variant B,3,65,5.462050385405376
Variant B,3,66,6.1590644375221775
Variant B,3,67,6.2141958338237275
Variant B,3,68,6.452085284557191
Variant B,3,69,6.2194468080031085
Variant B,3,70,6.736909668908367
Variant B,3,71,6.14832568274343
Variant B,3,72,6.074407674862005
Variant B,3,73,6.4697370714848175
Variant B,3,74,7.287419756317853
Variant B,3,75,6.029416425380776
Variant B,3,76,6.419895818571707
Variant B,3,77,5.3325011758655165
Variant B,3,78,5.914307435334894
Variant B,3,79,6.572828541715624
Variant B,3,80,6.0344469824337095
Variant B,3,81,6.795038156014535
Variant B,3,82,5.900692566553194
Variant B,3,83,6.645056948184556
Variant B,3,84,6.377931434075955
Variant B,3,85,6.358435287997379
Variant B,3,86,6.0854523350308645
Variant B,3,87,5.736504996959656
Variant B,3,88,5.916335517029733
Variant B,3,89,6.626125454463888
Variant B,3,90,6.875327409861127
Variant B,3,91,6.311806648177429
Variant B,3,92,6.213440119716474
Variant B,3,93,6.094412653657628
Variant B,3,94,6.336650293705704
Variant B,3,95,5.993642370807231
Variant B,3,96,7.29129547706138
Variant B,3,97,5.362130647218443
Variant B,3,98,5.509683198901065
Variant B,3,99,7.150158103472373
Variant B,3,100,5.873914997599403
Variant B,3,101,7.914787247819172
Variant B,3,102,6.377905989306976
Variant B,3,103,6.814655767346601
Variant B,3,104,7.145002358187205
Variant B,3,105,5.663871732566316
Variant B,3,106,5.791458134133913
Variant B,3,107,6.881351457569056
Variant B,3,108,6.851488722014534
Variant B,3,109,6.310524452129058
Variant B,3,110,6.053158562120149
Variant B,3,111,6.500328432863732
Variant B,3,112,6.017272617469507
Variant B,3,113,5.921859780319113
Variant B,3,114,6.463041741779239
Variant B,3,115,6.23139354503471
Variant B,3,116,5.9978194366171
Variant B,3,117,5.907989630815083
Variant B,3,118,6.711529093523938
Variant B,3,119,6.170062788065502
Variant B,3,120,7.49430136235905
Variant B,3,121,6.766154861196782
Variant B,3,122,7.1956444936086355
Variant B,3,123,6.5973050687282315
Variant B,3,124,7.543208958453184
Variant B,3,125,5.0590326391502165
Variant B,3,126,7.0967085658314994
Variant B,3,127,6.132313649502726
Variant B,3,128,5.886171441213067
Variant B,3,129,5.719751330628981
Variant B,3,130,6.421804780583752
Variant B,3,131,6.264523521707542
Variant B,3,132,5.798852598688992
Variant B,3,133,6.0946626484212825
Variant B,3,134,6.513376419635632
Variant B,3,135,5.744610191238075
Variant B,3,136,5.354743895389499
Variant B,3,137,6.488514919793794
Variant B,3,138,6.221225188532637
Variant B,3,139,6.520516048321687
Variant B,3,140,6.417762794340332
Variant B,3,141,5.4159844951810285
Variant B,3,142,6.128552614065516
Variant B,3,143,6.3092328330345255
Variant B,3,144,5.726720182507649
Variant B,3,145,5.669286095220227
Variant B,3,146,5.835956504619872
Variant B,3,147,6.768049200242484
Variant B,3,148,6.110485356418773
Variant B,3,149,6.803974066102381
Variant B,3,150,6.031283788389682
Variant B,4,0,15.0
Variant B,4,1,14.412876823265721
Variant B,4,2,13.051434537693492
Variant B,4,3,13.599676899749687
Variant B,4,4,12.293091768771138
Variant B,4,5,12.38521955529864
Variant B,4,6,11.11634179710491
Variant B,4,7,10.93182269519107
Variant B,4,8,10.622602098702421
Variant B,4,9,9.78865022151292
Variant B,4,10,10.235774941535976
Variant B,4,11,8.823038376214535
Variant B,4,12,8.963436963367093
Variant B,4,13,8.235735446334287
Variant B,4,14,9.838084776170685
Variant B,4,15,8.4066338641766
Variant B,4,16,8.103103893642288
Variant B,4,17,8.290759781539613
Variant B,4,18,8.54085185569346
Variant B,4,19,7.453157433317183
Variant B,4,20,7.214924822689347
Variant B,4,21,7.14282108126775
Variant B,4,22,7.669569348627859
Variant B,4,23,7.463713235731401
Variant B,4,24,7.141273543289369
Variant B,4,25,6.510113056108528
Variant B,4,26,7.41616742741117
Variant B,4,27,7.000935293978161
Variant B,4,28,6.553745892491442
Variant B,4,29,7.300594368163653
Variant B,4,30,5.8502854019851664
Variant B,4,31,6.243839078403765
Variant B,4,32,7.26326471996973
Variant B,4,33,7.00181278466435
Variant B,4,34,6.906226625375262
Variant B,4,35,6.427690301089879
Variant B,4,36,7.022414560900252
Variant B,4,37,6.71171464022207
Variant B,4,38,7.357222303726506
Variant B,4,39,5.883375193155945
Variant B,4,40,6.141824463416104
Variant B,4,41,5.680189825707151
Variant B,4,42,6.199002017968768
Variant B,4,43,6.036413941731387
Variant B,4,44,6.000966737789545
Variant B,4,45,6.516395480586884
Variant B,4,46,6.062985563722843
Variant B,4,47,5.308213209517248
Variant B,4,48,6.132858441341439
Variant B,4,49,6.439237738405605
Variant B,4,50,7.125844452475211
Variant B,4,51,6.714297808295542
Variant B,4,52,6.050825120896914
Variant B,4,53,6.610448524730775
Variant B,4,54,6.2001868804660525
Variant B,4,55,7.250814671998943
Variant B,4,56,6.564694893792007
Variant B,4,57,7.239128241555836
Variant B,4,58,6.704198660782032
Variant B,4,59,6.35887854690822
Variant B,4,60,5.615653933004419
Variant B,4,61,5.910816284736165
Variant B,4,62,5.763323615236533
Variant B,4,63,5.6120003710827095
Variant B,4,64,6.125766764279835
Variant B,4,65,5.111851948651907
Variant B,4,66,5.339519786869171
Variant B,4,67,6.46628675401084
Variant B,4,68,5.988741586701507
Variant B,4,69,6.4604499629673064
Variant B,4,70,5.270122279876007
Variant B,4,71,6.688238026379809
Variant B,4,72,6.432028617068722
Variant B,4,73,6.1638829902332475
Variant B,4,74,5.407143277119564
Variant B,4,75,6.968677345129385
Variant B,4,76,6.621037774770076
Variant B,4,77,5.72119010502994
Variant B,4,78,6.240920539493
Variant B,4,79,6.229622746192183
Variant B,4,80,5.438377421590123
Variant B,4,81,6.536895753362141
Variant B,4,82,6.203333601151272
Variant B,4,83,7.2910385184915345
Variant B,4,84,6.235982196125135
Variant B,4,85,6.057802306735459
Variant B,4,86,6.938879156688529
Variant B,4,87,5.847781697823582
Variant B,4,88,5.704613402081549
Variant B,4,89,6.467161513446904
Variant B,4,90,7.3649053083764215
Variant B,4,91,6.841065737409785
Variant B,4,92,6.626081563548003
Variant B,4,93,5.99299187906397
Variant B,4,94,6.514083352734896
Variant B,4,95,6.214316563845012
Variant B,4,96,6.5080690546888595
Variant B,4,97,5.999728829077848
Variant B,4,98,5.658915862275112
Variant B,4,99,6.057985162351518
Variant B,4,100,5.215076308634091
Variant B,4,101,6.373271772333582
Variant B,4,102,6.203478231865564
Variant B,4,103,6.034474803428922
Variant B,4,104,7.3890453211913805
Variant B,4,105,7.473393478861885
Variant B,4,106,6.022529773346682
Variant B,4,107,6.213330409217495
Variant B,4,108,6.408353785486421
Variant B,4,109,7.091868019492139
Variant B,4,110,6.764039757297842
Variant B,4,111,6.507922481961999
Variant B,4,112,6.446994451503913
Variant B,4,113,5.895052986643906
Variant B,4,114,6.760532407034057
Variant B,4,115,5.98502080758466
Variant B,4,116,6.771957798155467
Variant B,4,117,5.2411345945615135
Variant B,4,118,5.826028525791825
Variant B,4,119,6.458772542864487
Variant B,4,120,7.3376504606024495
Variant B,4,121,6.640288350473927
Variant B,4,122,4.55046537078649
Variant B,4,123,6.256929581649073
Variant B,4,124,6.579911242717908
Variant B,4,125,5.77186198809211
Variant B,4,126,6.22963593007485
Variant B,4,127,6.848527916125227
Variant B,4,128,6.821533913322672
Variant B,4,129,6.517369117443986
Variant B,4,130,6.01180871023646
Variant B,4,131,6.462210466187994
Variant B,4,132,6.388216584052483
Variant B,4,133,7.488308345374886
Variant B,4,134,7.248517194268116
Variant B,4,135,6.4102209633224305
Variant B,4,136,5.791575156596905
Variant B,4,137,6.213440691438655
Variant B,4,138,7.286172358949528
Variant B,4,139,6.602804018264376
Variant B,4,140,5.780335582085036
Variant B,4,141,6.4583213582616725
Variant B,4,142,7.005656525996625
Variant B,4,143,6.58072341965458
Variant B,4,144,5.894315266047966
Variant B,4,145,6.326027047076483
Variant B,4,146,6.9737922994469805
Variant B,4,147,7.481351579969035
Variant B,4,148,5.758689967445967
Variant B,4,149,6.641956202413966
Variant B,4,150,6.413001203466497
Variant B,5,0,15.0
Variant B,5,1,14.021631368792487
Variant B,5,2,12.750358812079872
Variant B,5,3,12.417780573836447
Variant B,5,4,12.668528963697977
Variant B,5,5,11.277209913931205
Variant B,5,6,12.163730204801245
Variant B,5,7,10.784301134794507
Variant B,5,8,10.851826295527182
Variant B,5,9,9.212785839109316
Variant B,5,10,9.206196070831075
Variant B,5,11,10.34996269921741
Variant B,5,12,9.07337549531035
Variant B,5,13,9.497816450159924
Variant B,5,14,8.384920797781827
Variant B,5,15,8.34498015467241
Variant B,5,16,8.77861935409057
Variant B,5,17,7.850343377448049
Variant B,5,18,8.229339002560215
Variant B,5,19,7.118510850302426
Variant B,5,20,8.461506961314326
Variant B,5,21,7.647559184201327
Variant B,5,22,6.596389779601859
Variant B,5,23,7.757277916863837
Variant B,5,24,8.052254702276826
Variant B,5,25,7.183111454499045
Variant B,5,26,6.675096615733023
Variant B,5,27,6.642360986234828
Variant B,5,28,6.736865844185984
Variant B,5,29,6.648840719103131
Variant B,5,30,6.22432040127882
Variant B,5,31,7.298381318449958
Variant B,5,32,6.05605763476888
Variant B,5,33,6.442880792034815
Variant B,5,34,6.816093226466843
Variant B,5,35,6.670380258319877
Variant B,5,36,6.762362851554549
Variant B,5,37,6.900912533646328
Variant B,5,38,6.798312559417344
Variant B,5,39,7.040772670140145
Variant B,5,40,6.680690254965532
Variant B,5,41,6.1091668228272615
Variant B,5,42,6.675344605692758
Variant B,5,43,6.72258306370141
Variant B,5,44,6.297945625532193
Variant B,5,45,6.514714225144857
Variant B,5,46,5.988306002029923
Variant B,5,47,6.38993740294914
Variant B,5,48,6.702434018442815
Variant B,5,49,6.229814217827289
Variant B,5,50,7.126064715825084
Variant B,5,51,6.316269814609277
Variant B,5,52,6.560691451180153
Variant B,5,53,5.779078486341677
Variant B,5,54,6.6329592688760295
Variant B,5,55,5.194978392201719
Variant B,5,56,6.559644449260744
Variant B,5,57,6.3005442661599735
Variant B,5,58,6.440732500909874
Variant B,5,59,5.79743186023807
Variant B,5,60,6.301072806513541
Variant B,5,61,5.753812588590705
Variant B,5,62,6.782798955074374
Variant B,5,63,5.973202662157143
Variant B,5,64,5.50948984704792
Variant B,5,65,7.36283742094541
Variant B,5,66,5.569908124229787
Variant B,5,67,6.720464859907638
Variant B,5,68,5.346136586760695
Variant B,5,69,5.751488029932539
Variant B,5,70,5.738397419366359
Variant B,5,71,7.390037840435664
Variant B,5,72,7.505733851951177
Variant B,5,73,6.452957668533875
Variant B,5,74,5.873988295170897
Variant B,5,75,5.653171067578718
Variant B,5,76,6.178315582855807
Variant B,5,77,6.677582265388547
Variant B,5,78,5.922142320233109
Variant B,5,79,6.229286735485671
Variant B,5,80,5.919459772657419
Variant B,5,81,6.386130891516739
Variant B,5,82,5.076819555225913
Variant B,5,83,6.286220603946866
Variant B,5,84,6.209171272189701
Variant B,5,85,6.631272978556988
Variant B,5,86,6.3251060893161
Variant B,5,87,6.334420605424539
Variant B,5,88,5.395880848903509
Variant B,5,89,7.021824419569421
Variant B,5,90,5.835895226389891
Variant B,5,91,7.016652892571071
Variant B,5,92,6.970222203860927
Variant B,5,93,6.324279844647252
Variant B,5,94,7.181561230848165
Variant B,5,95,6.188677936774658
Variant B,5,96,5.944721567532431
Variant B,5,97,6.465351761902674
Variant B,5,98,6.4445836730084824
Variant B,5,99,5.433141169514354
Variant B,5,100,5.928603472360984
Variant B,5,101,7.035028143281832
Variant B,5,102,6.767944871879001
Variant B,5,103,6.086729655406385
Variant B,5,104,6.435334495421087
Variant B,5,105,5.562886158465983
Variant B,5,106,6.260325504026851
Variant B,5,107,5.660015730131383
Variant B,5,108,6.197177744679759
Variant B,5,109,6.6825359764520496
Variant B,5,110,6.689555276994689
Variant B,5,111,5.69246173879185
Variant B,5,112,5.809848323824663
Variant B,5,113,6.341560696675921
Variant B,5,114,5.702330104460957
Variant B,5,115,6.595901884850682
Variant B,5,116,6.332695157052514
Variant B,5,117,5.989366383909871
Variant B,5,118,6.710900925013253
Variant B,5,119,6.3173204204663564
Variant B,5,120,5.686017102144584
Variant B,5,121,6.049230809003285
Variant B,5,122,5.787750486938327
Variant B,5,123,6.504311244579064
Variant B,5,124,6.11407431343058
Variant B,5,125,6.20348815627286
Variant B,5,126,6.120335184525091
Variant B,5,127,6.090085326686886
Variant B,5,128,5.323519681253447
Variant B,5,129,6.796094164667589
Variant B,5,130,4.783217481969933
Variant B,5,131,5.806065443420345
Variant B,5,132,5.266686881935559
Variant B,5,133,6.5755378471642825
Variant B,5,134,6.23106572512351
Variant B,5,135,6.835787401152112
Variant B,5,136,6.031897011291796
Variant B,5,137,6.090353718437243
Variant B,5,138,5.615453601740168
Variant B,5,139,6.483216552895449
Variant B,5,140,6.52257982261458
Variant B,5,141,6.029127522019612
Variant B,5,142,6.722739937316482
Variant B,5,143,6.985726647088859
Variant B,5,144,5.875034254680745
Variant B,5,145,6.346803889223624
Variant B,5,146,5.970310531025853
Variant B,5,147,6.678536993931557
Variant B,5,148,6.436198092963172
Variant B,5,149,6.382789078120283
Variant B,5,150,6.692239813257437
Variant B,6,0,15.0
Variant B,6,1,14.339496796389017
Variant B,6,2,12.917615006161464
Variant B,6,3,12.494563930929528
Variant B,6,4,13.533630200423124
Variant B,6,5,12.498753008751592
Variant B,6,6,11.562267765159225
Variant B,6,7,10.815367134341027
Variant B,6,8,9.519929300164467
Variant B,6,9,9.31168679419023
Variant B,6,10,10.36339586720619
Variant B,6,11,9.192329649635528
Variant B,6,12,9.334437429187032
Variant B,6,13,8.895040801119556
Variant B,6,14,8.518680509146517
Variant B,6,15,7.991842179170447
Variant B,6,16,8.22975390311997
Variant B,6,17,8.536372869467924
Variant B,6,18,7.442412314766054
Variant B,6,19,7.403898250070628
Variant B,6,20,7.596486364381139
Variant B,6,21,6.96762178710371
Variant B,6,22,7.52422104621109
Variant B,6,23,8.261169487709662
Variant B,6,24,7.293188361591964
Variant B,6,25,6.9073753469763135
Variant B,6,26,8.132182666093328
Variant B,6,27,7.1207357822476505
Variant B,6,28,7.977508405000139
Variant B,6,29,6.9544136566322345
Variant B,6,30,6.72354037943731
Variant B,6,31,6.750123818203448
Variant B,6,32,6.392776663417493
Variant B,6,33,6.580002904642157
Variant B,6,34,6.6469161530055105
Variant B,6,35,6.845199301871068
Variant B,6,36,7.0167222323187115
Variant B,6,37,6.090285325139791
Variant B,6,38,7.123571995899384
Variant B,6,39,6.456065340854817
Variant B,6,40,7.928269631158079
Variant B,6,41,7.133154469304118
Variant B,6,42,5.24366428009065
Variant B,6,43,6.7236363710219935
Variant B,6,44,6.307426796796519
Variant B,6,45,7.909808921147169
Variant B,6,46,7.0555014432181995
Variant B,6,47,7.020282057616489
Variant B,6,48,6.252178308000054
Variant B,6,49,5.806199718620047
Variant B,6,50,6.465708920593604
Variant B,6,51,6.65670899865106
Variant B,6,52,6.677117841379796
Variant B,6,53,6.178326138659857
Variant B,6,54,6.333732484540674
Variant B,6,55,6.311101932953782
Variant B,6,56,5.535701838450895
Variant B,6,57,5.98631395747795
Variant B,6,58,6.632779407170835
Variant B,6,59,5.085210285703953
Variant B,6,60,5.621234749692235
Variant B,6,61,5.190694250770903
Variant B,6,62,6.755678621840866
Variant B,6,63,5.216492490199025
Variant B,6,64,6.772742503963842
Variant B,6,65,6.245752972120977
Variant B,6,66,6.454330342634287
Variant B,6,67,6.123077923819167
Variant B,6,68,6.392789111114193
Variant B,6,69,5.485701790603845
Variant B,6,70,6.129479261850081
Variant B,6,71,6.216745497653893
Variant B,6,72,6.147054646429799
Variant B,6,73,6.141707473360112
Variant B,6,74,6.0971223121577385
Variant B,6,75,5.940966987149717
Variant B,6,76,6.849256617187039
Variant B,6,77,6.638134320541706
Variant B,6,78,7.421136087673548
Variant B,6,79,5.449987847514035
Variant B,6,80,6.538528736047654
Variant B,6,81,6.526894835173551
Variant B,6,82,5.919963766846406
Variant B,6,83,6.07379075440858
Variant B,6,84,5.453831956259622
Variant B,6,85,6.952437109287729
Variant B,6,86,6.304721170625118
Variant B,6,87,5.75923637921505
Variant B,6,88,5.149537519945484
Variant B,6,89,5.785372201832409
Variant B,6,90,5.3480628153344085
Variant B,6,91,5.535706486538186
Variant B,6,92,5.294903357772612
Variant B,6,93,7.277624889285979
Variant B,6,94,7.180358711515252
Variant B,6,95,6.8294243253878735
Variant B,6,96,6.183810455855001
Variant B,6,97,5.99221523092724
Variant B,6,98,6.852768769948439
Variant B,6,99,5.940045461910216
Variant B,6,100,6.038907863493062
Variant B,6,101,6.260891299753086
Variant B,6,102,5.665877993806442
Variant B,6,103,6.29753580797747
Variant B,6,104,7.2019640158663645
Variant B,6,105,5.913273978513699
Variant B,6,106,6.107098055531553
Variant B,6,107,6.733369968810076
Variant B,6,108,5.799523790749553
Variant B,6,109,6.617043560242604
Variant B,6,110,4.883343441262502
Variant B,6,111,7.479805976240312
Variant B,6,112,5.6316184058680046
Variant B,6,113,5.262057829340535
Variant B,6,114,7.441880787252347
Variant B,6,115,6.49410159993901
Variant B,6,116,5.487403097118894
Variant B,6,117,6.069413546391152
Variant B,6,118,5.972517599308649
Variant B,6,119,7.289119048485572
Variant B,6,120,7.051429358129081
Variant B,6,121,5.2550113827958445
Variant B,6,122,7.059967337366678
Variant B,6,123,6.672057159947989
Variant B,6,124,6.4518917843321075
Variant B,6,125,7.21980833855833
Variant B,6,126,7.439105138866921
Variant B,6,127,6.777837114500623
Variant B,6,128,6.370146732748435
Variant B,6,129,6.633236389434281
Variant B,6,130,5.801486832447641
Variant B,6,131,6.54480112930684
Variant B,6,132,6.799002625369761
Variant B,6,133,6.73625717182403
Variant B,6,134,5.307256959067628
Variant B,6,135,4.8138833269093775
Variant B,6,136,6.193887215586923
Variant B,6,137,6.186875544861708
Variant B,6,138,6.185065023338958
Variant B,6,139,6.3427446640485785
Variant B,6,140,7.023859012631133
Variant B,6,141,7.114590629948361
Variant B,6,142,5.885739720837229
Variant B,6,143,6.364169277537416
Variant B,6,144,6.641577115624335
Variant B,6,145,6.528640741995451
Variant B,6,146,6.707880481533374
Variant B,6,147,5.964905462433289
Variant B,6,148,4.894485477005551
Variant B,6,149,6.968735957297776
Variant B,6,150,7.18676230820374
Variant B,7,0,14.819722804217225
Variant B,7,1,13.402343427920252
Variant B,7,2,13.503040148126242
Variant B,7,3,13.341034017201594
Variant B,7,4,12.178429464064694
Variant B,7,5,11.794408967153723
Variant B,7,6,10.645026548031314
Variant B,7,7,10.717574392002037
Variant B,7,8,11.806296166072688
Variant B,7,9,9.922909447071845
Variant B,7,10,9.758387345289515
Variant B,7,11,8.678442496855737
Variant B,7,12,10.275862481513204
Variant B,7,13,9.060379919714533
Variant B,7,14,8.00744960577786
Variant B,7,15,7.409885493235118
Variant B,7,16,8.357946318929066
Variant B,7,17,9.942867735181288
Variant B,7,18,8.944113652856968
Variant B,7,19,8.003274013973977
Variant B,7,20,7.795378733286591
Variant B,7,21,7.428812214207886
Variant B,7,22,7.154052768808841
Variant B,7,23,7.545991557785596
Variant B,7,24,6.972055240132309
Variant B,7,25,7.048608195654108
Variant B,7,26,5.673673817158731
Variant B,7,27,6.876187117103043
Variant B,7,28,6.899511651687479
Variant B,7,29,7.513490886125794
Variant B,7,30,7.4232015602413695
Variant B,7,31,6.228013763255128
Variant B,7,32,7.732533723141451
Variant B,7,33,6.833918817785075
Variant B,7,34,6.137887287749617
Variant B,7,35,6.728220546706809
Variant B,7,36,6.240495171911467
Variant B,7,37,6.6325860877113785
Variant B,7,38,5.547438431508825
Variant B,7,39,6.721076092585727
Variant B,7,40,6.492103442104554
Variant B,7,41,5.761035023253736
Variant B,7,42,7.267297285321881
Variant B,7,43,6.656101507119311
Variant B,7,44,5.956094155872427
Variant B,7,45,6.852385455489926
Variant B,7,46,6.4925866051505725
Variant B,7,47,7.049966465761605
Variant B,7,48,6.414977028839364
Variant B,7,49,6.230853194877243
Variant B,7,50,6.131465939349399
Variant B,7,51,7.470440918021036
Variant B,7,52,5.791128065885998
Variant B,7,53,6.117344124141928
Variant B,7,54,6.033786992623487
Variant B,7,55,6.224516129447355
Variant B,7,56,6.226954347554402
Variant B,7,57,6.913119731451777
Variant B,7,58,7.030132091505304
Variant B,7,59,6.004207231714299
Variant B,7,60,6.6776859183085655
Variant B,7,61,6.565815897272629
Variant B,7,62,6.678064202601606
Variant B,7,63,6.2944095699521005
Variant B,7,64,5.968792404978371
Variant B,7,65,6.260672126823038
Variant B,7,66,6.091343836094504
Variant B,7,67,5.683788728531759
Variant B,7,68,7.052868862783892
Variant B,7,69,6.651489902021305
Variant B,7,70,6.264039003813426
Variant B,7,71,7.792294030482102
Variant B,7,72,6.152293932122127
Variant B,7,73,5.764652853553799
Variant B,7,74,6.317183897266063
Variant B,7,75,6.249315555275641
Variant B,7,76,6.142543042796829
Variant B,7,77,5.700022298119854
Variant B,7,78,6.191099127919228
Variant B,7,79,6.654581861256904
Variant B,7,80,7.084445599545703
Variant B,7,81,6.779768870841906
Variant B,7,82,4.915858658550858
Variant B,7,83,7.132233947463396
Variant B,7,84,5.902419583912529
Variant B,7,85,6.892131691519112
Variant B,7,86,6.827868047989217
Variant B,7,87,6.647280808738986
Variant B,7,88,7.697298353956727
Variant B,7,89,5.445049172268693
Variant B,7,90,5.315369257610647
Variant B,7,91,5.5908639564667
Variant B,7,92,5.736799503565843
Variant B,7,93,5.723387284021775
Variant B,7,94,6.484749073997275
Variant B,7,95,6.529811659484855
Variant B,7,96,6.186725397117051
Variant B,7,97,6.479430063726193
Variant B,7,98,5.529747408642006
Variant B,7,99,6.410920385521003
Variant B,7,100,6.902768434738343
Variant B,7,101,6.414614455257132
Variant B,7,102,7.143295489432538
Variant B,7,103,5.1523911080807165
Variant B,7,104,6.4339488973167
Variant B,7,105,6.1631281569364615
Variant B,7,106,5.614576974659664
Variant B,7,107,5.664159012555498
Variant B,7,108,6.410509151545032
Variant B,7,109,6.415377977396662
Variant B,7,110,6.202598330439414
Variant B,7,111,7.387712635658054
Variant B,7,112,5.86890026060616
Variant B,7,113,6.364752591824795
Variant B,7,114,5.837472345646861
Variant B,7,115,6.663818704543273
Variant B,7,116,6.45485066344251
Variant B,7,117,6.2625663461389935
Variant B,7,118,6.363087013054817
Variant B,7,119,5.722743213748616
Variant B,7,120,6.217451984293278
Variant B,7,121,5.9860533999227785
Variant B,7,122,6.548290656376918
Variant B,7,123,6.4943168140816185
Variant B,7,124,6.14388966487977
Variant B,7,125,6.055882082010265
Variant B,7,126,6.7118114343468775
Variant B,7,127,7.18417531540814
Variant B,7,128,7.027841274416527
Variant B,7,129,6.48447570051234
Variant B,7,130,5.723742426743025
Variant B,7,131,5.05130968767428
Variant B,7,132,5.372477936291344
Variant B,7,133,6.701828355876069
Variant B,7,134,6.222284732569525
Variant B,7,135,6.333672929626157
Variant B,7,136,7.033334556828772
Variant B,7,137,8.127641482328256
Variant B,7,138,6.1039882828864265
Variant B,7,139,6.34156955312454
Variant B,7,140,7.087632678788423
Variant B,7,141,5.495531160917645
Variant B,7,142,6.108552285914378
Variant B,7,143,5.505360543923633
Variant B,7,144,6.674520557728427
Variant B,7,145,5.7584682742991715
Variant B,7,146,6.054975041471978
Variant B,7,147,6.0406189704603035
Variant B,7,148,7.655818468304119
Variant B,7,149,7.064518100243562
Variant B,7,150,6.663023279470017
