step,raw_share,a_share,b_share,raw_concentration,a_concentration,b_concentration,margin,accuracy
0.0,0.4969600397274858,0.5149359135277579,0.25299281404718293,0.019253821097993076,0.01946111415614758,0.01756135647484536,0.04306536179894557,0.5093985533662291
2000.0,0.5145857453402842,0.5099513821470532,0.2552322917879583,0.019404611039066877,0.018646707440613492,0.017302075683170128,0.06913755427806856,0.5368728583107468
4000.0,0.5031854984035252,0.5113564650319327,0.26421820441128513,0.020677209029887074,0.02036686141780646,0.017077694056953134,0.09835351166960872,0.5617391911043236
6000.0,0.5472219885855015,0.5434343533673158,0.2850154741217565,0.02092130081740151,0.019966699073656093,0.01857021551260424,0.12251972564797785,0.581055770367608
8000.0,0.5762313619325122,0.5539360228517262,0.2916734280772209,0.024142784769112212,0.02249072617292109,0.019152606325572856,0.19005712992631285,0.5906330247752599
10000.0,0.6236141969975292,0.5786945739396299,0.30981314193119036,0.02528870173373902,0.024419562592282205,0.020357569659681763,0.2742732577450828,0.604790467410478
12000.0,0.6651444016072279,0.622767404679244,0.33048620279769286,0.029624761302270975,0.027124513156787097,0.022020874260934565,0.4026287387051057,0.6116206152230825
14000.0,0.7314768944449964,0.6634084408422981,0.37556120334839127,0.033561991560058894,0.030943345758822034,0.023685099492256813,0.5546073115436458,0.6223443695300962
16000.0,0.7694468001505205,0.705269683859307,0.4014246138517509,0.03713027208803112,0.03438709382089936,0.027117684241957922,0.6524584471237816,0.6303152607470207
18000.0,0.8157975382605914,0.7195794832020934,0.42274411818040014,0.04053693931625556,0.03742207684863195,0.029596044211338372,0.7487500824172387,0.6375267640994854
20000.0,0.806599534606883,0.7463664953422401,0.4356177840276973,0.042553391032898354,0.03913752236997475,0.03136594670817578,0.8166253187023749,0.6355070034180286
22000.0,0.8200666723743177,0.7643754835493086,0.4608094565756621,0.04395559079317403,0.04085042923794976,0.03354444212621864,0.868611475542475,0.6429184787513343
24000.0,0.844722670911803,0.7693854005354427,0.46106674346489696,0.04391516098980856,0.04137925621855192,0.03520051104913149,0.8891846943067464,0.6413428750080379
26000.0,0.8310576145154077,0.7678491662784525,0.48086528091786834,0.044573508300542956,0.04078121904491747,0.03525651007354128,0.9066856054549344,0.6430393913684318
28000.0,0.8490151877477845,0.7672032185281682,0.4741889170513526,0.044495250734346896,0.0418202014418175,0.035668551792967296,0.9228774072503447,0.6477172540796615
