array,zero_based_index,value
radar,0.0,85.33243604286693
radar,0.1,94.61485938461196
radar,0.2,92.45885073739737
radar,0.3,90.52834278007006
radar,0.4,84.55593105259918
radar,0.5,87.972917063663
radar,1.0,76.4974480389177
radar,1.1,86.95784153066911
radar,1.2,47.56024141519323
radar,1.3,76.5706897731671
radar,1.4,61.69518189869901
radar,1.5,41.70553441214082
radar,2.0,68.19339721439434
radar,2.1,52.17154369586985
radar,2.2,68.80969599528784
radar,2.3,54.42207134824808
radar,2.4,75.37317627881063
radar,2.5,47.632951121706924
radar,3.0,61.1712875359416
radar,3.1,53.73826490955156
radar,3.2,66.31761252173739
radar,3.3,45.72701334048722
radar,3.4,58.07879254014152
radar,3.5,72.65272769635928
radar,4.0,89.15051993543821
radar,4.1,72.69306230815977
radar,4.2,88.37071251105179
radar,4.3,64.55756257430365
radar,4.4,69.42196503012882
radar,4.5,96.0
radar,5.0,85.52114850819784
radar,5.1,46.52470921307805
radar,5.2,78.65207879272873
radar,5.3,81.34214501270388
radar,5.4,39.393377771184966
radar,5.5,67.58392367357962
radar,6.0,84.38107949179395
radar,6.1,66.53444752821189
radar,6.2,58.08213398282926
radar,6.3,33.641720394735266
radar,6.4,74.27925683688008
radar,6.5,27.692457029597193
bars1,0.0,58.23285708869008
bars1,0.1,47.625224523662794
bars1,0.2,80.80040752689031
bars1,0.3,47.90848565428102
bars1,1.0,69.66193636972048
bars1,1.1,85.23483746904891
bars1,1.2,78.48132068089572
bars1,1.3,68.30787692966919
