metric,setting,raw_score,normalized_height
Metric A,0,73.28051968789862,0.9847249231090304
Metric A,5,51.9584099979929,0.6982038542855785
Metric A,10,68.49258012021379,0.9203858130328538
Metric A,20,74.41724888665672,1.0
Metric B,0,84.68438921584982,0.941145628521426
Metric B,5,62.6717072842824,0.6965062142945384
Metric B,10,68.79763767758132,0.7645871518045741
Metric B,20,89.98011216276069,1.0
Metric C,0,73.24434734251786,0.7688655376405242
Metric C,5,56.129391817270324,0.5892052640623292
Metric C,10,95.26288246354274,1.0
Metric C,20,81.64120792228648,0.8570096328287222
Metric D,0,54.758738437373346,0.7178359680249677
Metric D,5,76.28307980726417,1.0
Metric D,10,61.657726046402125,0.8082752584476889
Metric D,20,61.958878874418815,0.812223091030977
